player_id,country,group,full_name,espn_name,squad_number,position,date_of_birth,age,height,weight,club,league,in_top_league,caps,international_goals,market_value_eur,market_value_fmt,tm_player_id,sofa_player_id,sofa_club,sofa_league,club_conflict,confidence,data_sources
algeria_1,Algeria,J,Melvin Mastil,,1,GK,2000-02-19,26,"6' 4""",196 lbs,Stade Nyonnais,,False,1,0,250000,€250k,534398,1118193,Stade Nyonnais,Promotion League,False,100,wikipedia;transfermarkt;sofascore
algeria_2,Algeria,J,Aïssa Mandi,,2,DF,1991-10-22,34,"6' 1""",179 lbs,Lille,Ligue 1,True,117,7,1000000,€1m,80293,122810,Lille,Ligue 1,False,100,wikipedia;transfermarkt;sofascore
algeria_3,Algeria,J,Achref Abada,Achraf Abada,3,DF,1999-06-15,26,"6' 1""",172 lbs,USM Alger,,False,7,1,1000000,€1m,949929,1503088,USM Alger,Algerian Ligue 1,False,100,wikipedia;transfermarkt;sofascore
algeria_4,Algeria,J,Mohamed Amine Tougai,,4,DF,2000-01-22,26,"6' 1""",183 lbs,Espérance de Tunis,,False,29,2,1300000,€1.3m,592396,1018018,Espérance Tunis,Tunisian Ligue Professionnelle 1,False,100,wikipedia;transfermarkt;sofascore
algeria_5,Algeria,J,Zineddine Belaïd,,5,DF,1999-03-20,27,"6' 1""",183 lbs,JS Kabylie,,False,10,1,1800000,€1.8m,625142,1018822,JS Kabylie,Algerian Ligue 1,False,100,wikipedia;transfermarkt;sofascore
algeria_6,Algeria,J,Ramiz Zerrouki,,6,MF,1998-05-26,28,"6' 0""",181 lbs,Twente,,False,52,3,6500000,€6.5m,416660,989882,FC Twente,VriendenLoterij Eredivisie,False,100,wikipedia;transfermarkt;sofascore
algeria_7,Algeria,J,Riyad Mahrez(captain),Riyad Mahrez,7,FW,1991-02-21,35,"5' 10""",161 lbs,Al-Ahli,Saudi Pro League,True,114,38,,,,,,,False,50,wikipedia
algeria_8,Algeria,J,Houssem Aouar,,8,MF,1998-06-30,27,"5' 9""",152 lbs,Al-Ittihad,Saudi Pro League,True,20,6,8000000,€8m,395693,846081,Al-Ittihad,Saudi Pro League,False,100,wikipedia;transfermarkt;sofascore
algeria_9,Algeria,J,Amine Gouiri,,9,FW,2000-02-16,26,"5' 11""",174 lbs,Marseille,Ligue 1,True,22,8,28000000,€28m,418659,859026,Olympique de Marseille,Ligue 1,False,100,wikipedia;transfermarkt;sofascore
algeria_10,Algeria,J,Farès Chaïbi,,10,MF,2002-11-28,23,"6' 0""",150 lbs,Eintracht Frankfurt,Bundesliga,True,29,3,15000000,€15m,855015,1192318,Eintracht Frankfurt,Bundesliga,False,100,wikipedia;transfermarkt;sofascore
algeria_11,Algeria,J,Anis Hadj Moussa,,11,FW,2002-02-11,24,"5' 9""",163 lbs,Feyenoord,,False,14,1,23000000,€23m,917911,1218066,Feyenoord,VriendenLoterij Eredivisie,False,100,wikipedia;transfermarkt;sofascore
algeria_12,Algeria,J,Nadhir Benbouali,,12,FW,2000-04-17,26,"6' 3""",185 lbs,Győri ETO,,False,3,1,1200000,€1.2m,840254,1177807,ETO FC Győr,NB II,False,100,wikipedia;transfermarkt;sofascore
algeria_13,Algeria,J,Jaouen Hadjam,,13,DF,2003-03-26,23,"6' 1""",181 lbs,Young Boys,,False,17,3,7000000,€7m,750903,1049534,BSC Young Boys,Swiss Super League,False,100,wikipedia;transfermarkt;sofascore
algeria_14,Algeria,J,Hicham Boudaoui,,14,MF,1999-09-23,26,"5' 9""",132 lbs,Nice,Ligue 1,True,32,0,12000000,€12m,560593,985923,Nice,Ligue 1,False,100,wikipedia;transfermarkt;sofascore
algeria_15,Algeria,J,Rayan Aït-Nouri,,15,DF,2001-06-06,25,"5' 11""",174 lbs,Manchester City,Premier League,True,28,0,40000000,€40m,578391,931278,Manchester City,Premier League,False,100,wikipedia;transfermarkt;sofascore
algeria_16,Algeria,J,Oussama Benbot,,16,GK,1994-10-11,31,"6' 2""",196 lbs,USM Alger,,False,2,0,,,,1007589,USM Alger,Algerian Ligue 1,False,75,wikipedia;sofascore
algeria_17,Algeria,J,Rafik Belghali,,17,DF,2002-06-07,24,"5' 10""",150 lbs,Hellas Verona,Serie A,True,12,1,7000000,€7m,864306,1103488,Hellas Verona,Serie A,False,100,wikipedia;transfermarkt;sofascore
algeria_18,Algeria,J,Mohamed Amoura,,18,FW,2000-05-09,26,"5' 7""",132 lbs,VfL Wolfsburg,Bundesliga,True,45,19,20000000,€20m,746910,1107591,VfL Wolfsburg,Bundesliga,False,100,wikipedia;transfermarkt;sofascore
algeria_19,Algeria,J,Nabil Bentaleb,,19,MF,1994-11-24,31,"6' 2""",168 lbs,Lille,Ligue 1,True,59,6,4500000,€4.5m,245537,368120,Lille,Ligue 1,False,100,wikipedia;transfermarkt;sofascore
algeria_20,Algeria,J,Adil Boulbina,,20,FW,2003-05-02,23,"6' 0""",174 lbs,Al-Duhail,,False,11,6,3000000,€3m,748443,1094482,Al Duhail,Stars League,False,100,wikipedia;transfermarkt;sofascore
algeria_21,Algeria,J,Ramy Bensebaini,,21,DF,1995-04-16,31,"6' 2""",181 lbs,Borussia Dortmund,Bundesliga,True,81,7,7000000,€7m,284732,577726,Borussia Dortmund,Bundesliga,False,100,wikipedia;transfermarkt;sofascore
algeria_22,Algeria,J,Ibrahim Maza,,22,MF,2005-11-24,20,"5' 11""",172 lbs,Bayer Leverkusen,Bundesliga,True,16,2,45000000,€45m,905011,1407524,Bayer 04 Leverkusen,Bundesliga,False,100,wikipedia;transfermarkt;sofascore
algeria_23,Algeria,J,Luca Zidane,,23,GK,1998-05-13,28,"6' 0""",172 lbs,Granada,,False,7,0,1000000,€1m,283489,802133,Granada,LaLiga,False,100,wikipedia;transfermarkt;sofascore
algeria_24,Algeria,J,Yacine Titraoui,Yassine Titraoui,24,MF,2003-08-26,22,"5' 7""",152 lbs,Charleroi,,False,5,0,7000000,€7m,748445,1094538,RC Sporting Charleroi,Pro League,False,100,wikipedia;transfermarkt;sofascore
algeria_25,Algeria,J,Farès Ghedjemis,,25,FW,2002-09-06,23,"6' 0""",181 lbs,Frosinone,,False,1,1,7500000,€7.5m,888738,1445228,Frosinone,Serie B,False,100,wikipedia;transfermarkt;sofascore
algeria_26,Algeria,J,Samir Chergui,,26,DF,1999-02-06,27,"6' 1""",172 lbs,Paris FC,,False,4,0,3000000,€3m,668167,981168,Paris FC,Ligue 2,False,100,wikipedia;transfermarkt;sofascore
argentina_1,Argentina,J,Juan Musso,,1,GK,1994-05-06,32,"6' 3""",203 lbs,Atlético Madrid,La Liga,True,4,0,3000000,€3m,242359,263651,Atlético Madrid,LaLiga,False,100,wikipedia;transfermarkt;sofascore
argentina_3,Argentina,J,Nicolás Tagliafico,,3,DF,1992-08-31,33,"5' 8""",141 lbs,Lyon,Ligue 1,True,76,1,4000000,€4m,131225,158243,Olympique Lyonnais,Ligue 1,False,100,wikipedia;transfermarkt;sofascore
argentina_4,Argentina,J,Gonzalo Montiel,,4,DF,1997-01-01,29,"5' 9""",152 lbs,River Plate,,False,38,2,4500000,€4.5m,402733,822933,River Plate,Liga Profesional de Fútbol,False,100,wikipedia;transfermarkt;sofascore
argentina_5,Argentina,J,Leandro Paredes,,5,MF,1994-06-29,31,"5' 11""",161 lbs,Boca Juniors,,False,77,5,5000000,€5m,166237,255389,Boca Juniors,Liga Profesional de Fútbol,False,100,wikipedia;transfermarkt;sofascore
argentina_6,Argentina,J,Lisandro Martínez,,6,DF,1998-01-18,28,"5' 9""",172 lbs,Manchester United,Premier League,True,27,1,40000000,€40m,480762,859999,Manchester United,Premier League,False,100,wikipedia;transfermarkt;sofascore
argentina_7,Argentina,J,Rodrigo De Paul,,7,MF,1994-05-24,32,"5' 11""",161 lbs,Inter Miami CF,,False,86,2,14000000,€14m,255901,249399,Inter Miami CF,MLS,False,100,wikipedia;transfermarkt;sofascore
argentina_8,Argentina,J,Valentín Barco,,8,MF,2004-07-23,21,"5' 7""",148 lbs,Strasbourg,Ligue 1,True,3,1,40000000,€40m,849410,1127057,RC Strasbourg,Ligue 1,False,100,wikipedia;transfermarkt;sofascore
argentina_9,Argentina,J,Julián Alvarez,Julián Álvarez,9,FW,2000-01-31,26,"5' 7""",157 lbs,Atlético Madrid,La Liga,True,51,14,100000000,€100m,576024,944656,Atlético Madrid,LaLiga,False,100,wikipedia;transfermarkt;sofascore
argentina_10,Argentina,J,Lionel Messi(captain),Lionel Messi,10,FW,1987-06-24,38,"5' 7""",148 lbs,Inter Miami CF,,False,198,116,,,,,,,False,50,wikipedia
argentina_11,Argentina,J,Giovani Lo Celso,,11,MF,1996-04-09,30,"5' 10""",150 lbs,Real Betis,La Liga,True,66,4,8000000,€8m,348795,798835,Real Betis,LaLiga,False,100,wikipedia;transfermarkt;sofascore
argentina_12,Argentina,J,Gerónimo Rulli,,12,GK,1992-05-20,34,"6' 2""",174 lbs,Marseille,Ligue 1,True,7,0,6000000,€6m,229604,128383,Olympique de Marseille,Ligue 1,False,100,wikipedia;transfermarkt;sofascore
argentina_13,Argentina,J,Cristian Romero,,13,DF,1998-04-27,28,"6' 1""",172 lbs,Tottenham Hotspur,Premier League,True,50,3,45000000,€45m,355915,829932,Tottenham Hotspur,Premier League,False,100,wikipedia;transfermarkt;sofascore
argentina_14,Argentina,J,Exequiel Palacios,,14,MF,1998-10-05,27,"5' 9""",159 lbs,Bayer Leverkusen,Bundesliga,True,39,0,25000000,€25m,401578,822600,Bayer 04 Leverkusen,Bundesliga,False,100,wikipedia;transfermarkt;sofascore
argentina_15,Argentina,J,Nicolás González,Nico González,15,FW,1998-04-06,28,"5' 11""",170 lbs,Atlético Madrid,La Liga,True,50,6,22000000,€22m,486031,901325,Atlético Madrid,LaLiga,False,100,wikipedia;transfermarkt;sofascore
argentina_16,Argentina,J,Thiago Almada,,16,MF,2001-04-26,25,"5' 7""",139 lbs,Atlético Madrid,La Liga,True,15,4,15000000,€15m,576028,944660,Atlético Madrid,LaLiga,False,100,wikipedia;transfermarkt;sofascore
argentina_17,Argentina,J,Giuliano Simeone,,17,FW,2002-12-18,23,"5' 8""",163 lbs,Atlético Madrid,La Liga,True,12,2,40000000,€40m,742201,1099352,Atlético Madrid,LaLiga,False,100,wikipedia;transfermarkt;sofascore
argentina_18,Argentina,J,Nico Paz,,18,FW,2004-09-08,21,"6' 1""",172 lbs,Como,Serie A,True,8,1,80000000,€80m,948294,1171451,Como,"Serie C, Girone A",False,100,wikipedia;transfermarkt;sofascore
argentina_19,Argentina,J,Nicolás Otamendi,,19,DF,1988-02-12,38,"6' 0""",183 lbs,Benfica,,False,131,8,1000000,€1m,54781,74915,Benfica,Liga Portugal Betclic,False,100,wikipedia;transfermarkt;sofascore
argentina_20,Argentina,J,Alexis Mac Allister,,20,MF,1998-12-24,27,"5' 9""",163 lbs,Liverpool,Premier League,True,45,6,70000000,€70m,534033,895324,Liverpool FC,Premier League,False,100,wikipedia;transfermarkt;sofascore
argentina_21,Argentina,J,José Manuel López,,21,FW,2000-12-06,25,"6' 3""",170 lbs,Palmeiras,,False,4,0,25000000,€25m,844797,1094179,Palmeiras,Brasileirão Betano,False,100,wikipedia;transfermarkt;sofascore
argentina_22,Argentina,J,Lautaro Martínez,,22,FW,1997-08-22,28,"5' 9""",152 lbs,Inter Milan,Serie A,True,76,37,85000000,€85m,406625,823984,Inter,Serie A,False,100,wikipedia;transfermarkt;sofascore
argentina_23,Argentina,J,Emiliano Martínez,,23,GK,1992-09-02,33,"6' 5""",214 lbs,Aston Villa,Premier League,True,59,0,12000000,€12m,111873,158263,Aston Villa,Premier League,False,100,wikipedia;transfermarkt;sofascore
argentina_24,Argentina,J,Enzo Fernández,,24,MF,2001-01-17,25,"5' 10""",161 lbs,Chelsea,Premier League,True,41,6,90000000,€90m,648195,974505,Chelsea,Premier League,False,100,wikipedia;transfermarkt;sofascore
argentina_25,Argentina,J,Facundo Medina,,25,DF,1999-05-28,27,"6' 0""",172 lbs,Marseille,Ligue 1,True,8,0,18000000,€18m,474800,860307,Olympique de Marseille,Ligue 1,False,100,wikipedia;transfermarkt;sofascore
argentina_26,Argentina,J,Nahuel Molina,,26,DF,1998-04-06,28,"5' 9""",152 lbs,Atlético Madrid,La Liga,True,58,1,15000000,€15m,424042,831799,Atlético Madrid,LaLiga,False,100,wikipedia;transfermarkt;sofascore
australia_1,Australia,D,Mathew Ryan(captain),Mathew Ryan,1,GK,1992-04-08,34,"6' 0""",181 lbs,Levante,,False,104,0,,,,,,,False,50,wikipedia
australia_2,Australia,D,Miloš Degenek,Milos Degenek,2,DF,1994-04-28,32,"6' 2""",181 lbs,APOEL,,False,57,1,450000,€450k,187353,155961,APOEL Nicosia,Cyprus League by Stoiximan,False,100,wikipedia;transfermarkt;sofascore
australia_3,Australia,D,Alessandro Circati,,3,DF,2003-10-10,22,"6' 3""",185 lbs,Parma,Serie A,True,13,1,12000000,€12m,867137,1155423,Parma,Serie B,False,100,wikipedia;transfermarkt;sofascore
australia_4,Australia,D,Jacob Italiano,,4,DF,2001-07-30,24,"5' 10""",159 lbs,Grazer AK,,False,5,0,600000,€600k,545810,907217,Grazer AK 1902,2. Liga,False,100,wikipedia;transfermarkt;sofascore
australia_5,Australia,D,Jordan Bos,,5,DF,2002-10-29,23,"6' 0""",183 lbs,Feyenoord,,False,27,4,12000000,€12m,855731,1144138,Feyenoord,VriendenLoterij Eredivisie,False,100,wikipedia;transfermarkt;sofascore
australia_6,Australia,D,Jason Geria,,6,DF,1993-05-10,33,"6' 0""",163 lbs,Albirex Niigata,,False,14,0,350000,€350k,185175,303258,Albirex Niigata,J2 League,False,100,wikipedia;transfermarkt;sofascore
australia_7,Australia,D,Mathew Leckie,,7,FW,1991-02-04,35,"5' 11""",172 lbs,Melbourne City,,False,80,14,300000,€300k,126214,122570,Melbourne City,A-League Men,False,100,wikipedia;transfermarkt;sofascore
australia_8,Australia,D,Connor Metcalfe,,8,MF,1999-11-05,26,"6' 0""",163 lbs,FC St. Pauli,Bundesliga,False,36,1,1500000,€1.5m,522223,888854,FC St. Pauli,2. Bundesliga,False,100,wikipedia;transfermarkt;sofascore
australia_9,Australia,D,Mohamed Touré,Mohamed Toure,9,FW,2004-03-26,22,"6' 1""",172 lbs,Norwich City,,False,10,2,8000000,€8m,742770,1019061,Norwich City,Premier League,False,100,wikipedia;transfermarkt;sofascore
australia_10,Australia,D,Ajdin Hrustic,,10,MF,1996-07-05,29,"6' 0""",172 lbs,Heracles Almelo,,False,37,4,600000,€600k,265625,788284,Heracles Almelo,VriendenLoterij Eredivisie,False,100,wikipedia;transfermarkt;sofascore
australia_11,Australia,D,Awer Mabil,,11,MF,1995-09-15,30,"5' 10""",161 lbs,Castellón,,False,38,10,500000,€500k,255729,307082,CD Castellón,Primera Federación,False,100,wikipedia;transfermarkt;sofascore
australia_12,Australia,D,Paul Izzo,,12,GK,1995-01-06,31,"6' 1""",179 lbs,Randers,,False,4,0,500000,€500k,181921,155925,Randers FC,Danish Superliga,False,100,wikipedia;transfermarkt;sofascore
australia_13,Australia,D,Aiden O'Neill,,13,MF,1998-07-04,27,"6' 0""",152 lbs,New York City FC,,False,31,0,3000000,€3m,385918,847938,New York City FC,MLS,False,100,wikipedia;transfermarkt;sofascore
australia_14,Australia,D,Cammy Devlin,Cameron Devlin,14,MF,1998-06-07,28,"5' 7""",150 lbs,Heart of Midlothian,,False,5,0,2000000,€2m,399162,944054,Heart of Midlothian,Scottish Premiership,False,100,wikipedia;transfermarkt;sofascore
australia_15,Australia,D,Kai Trewin,,15,DF,2001-05-18,25,"6' 0""",161 lbs,New York City FC,,False,6,0,1800000,€1.8m,691326,991364,New York City FC,MLS,False,100,wikipedia;transfermarkt;sofascore
australia_16,Australia,D,Aziz Behich,,16,DF,1990-12-16,35,"5' 7""",150 lbs,Melbourne City,,False,84,3,250000,€250k,136834,576220,Melbourne City,A-League Men,False,100,wikipedia;transfermarkt;sofascore
australia_17,Australia,D,Nestory Irankunda,,17,FW,2006-02-09,20,"5' 9""",163 lbs,Watford,,False,15,5,8000000,€8m,956920,1144687,Watford,Premier League,False,100,wikipedia;transfermarkt;sofascore
australia_18,Australia,D,Patrick Beach,,18,GK,2003-08-06,22,"6' 3""",183 lbs,Melbourne City,,False,2,0,1000000,€1m,983578,1177240,Melbourne City,A-League Men,False,100,wikipedia;transfermarkt;sofascore
australia_19,Australia,D,Harry Souttar,,19,DF,1998-10-22,27,"6' 6""",218 lbs,Leicester City,Premier League,True,38,11,3500000,€3.5m,298091,808680,Leicester City,Premier League,False,100,wikipedia;transfermarkt;sofascore
australia_20,Australia,D,Cristian Volpato,,20,MF,2003-11-15,22,"6' 2""",168 lbs,Sassuolo,,True,1,0,10000000,€10m,746891,1155625,Sassuolo,Serie A,False,100,wikipedia;transfermarkt;sofascore
australia_21,Australia,D,Cameron Burgess,,21,DF,1995-10-21,30,"6' 4""",203 lbs,Swansea City,,False,27,0,1500000,€1.5m,255788,358084,Swansea City,Championship,False,100,wikipedia;transfermarkt;sofascore
australia_22,Australia,D,Jackson Irvine,,22,MF,1993-03-07,33,"6' 2""",161 lbs,FC St. Pauli,Bundesliga,False,82,14,1000000,€1m,192557,181581,FC St. Pauli,2. Bundesliga,False,100,wikipedia;transfermarkt;sofascore
australia_23,Australia,D,Nishan Velupillay,,23,FW,2001-05-07,25,"5' 11""",170 lbs,Melbourne Victory,,False,7,3,650000,€650k,888140,1118467,Melbourne Victory,A-League Men,False,100,wikipedia;transfermarkt;sofascore
australia_24,Australia,D,Paul Okon-Engstler,,24,MF,2005-01-24,21,"6' 1""",183 lbs,Sydney FC,,False,6,0,1200000,€1.2m,1064377,1411105,Sydney FC,A-League Men,False,100,wikipedia;transfermarkt;sofascore
australia_25,Australia,D,Lucas Herrington,,25,DF,2007-09-05,18,"6' 4""",174 lbs,Colorado Rapids,,False,4,0,4500000,€4.5m,1279984,1646783,Colorado Rapids,MLS,False,100,wikipedia;transfermarkt;sofascore
australia_26,Australia,D,Tete Yengi,,26,FW,2000-11-28,25,"6' 6""",183 lbs,Machida Zelvia,,False,1,1,450000,€450k,849429,1096517,Machida Zelvia,J2 League,False,100,wikipedia;transfermarkt;sofascore
austria_1,Austria,J,Alexander Schlager,,1,GK,1996-02-01,30,"6' 0""",174 lbs,Red Bull Salzburg,,False,26,0,2000000,€2m,186374,282073,Red Bull Salzburg,Austrian Bundesliga,False,100,wikipedia;transfermarkt;sofascore
austria_2,Austria,J,David Affengruber,,2,DF,2001-03-19,25,"6' 1""",172 lbs,Elche,,False,1,0,20000000,€20m,452483,988672,Elche,LaLiga,False,100,wikipedia;transfermarkt;sofascore
austria_3,Austria,J,Kevin Danso,,3,DF,1998-09-19,27,"6' 3""",185 lbs,Tottenham Hotspur,Premier League,True,32,0,20000000,€20m,263236,794953,Tottenham Hotspur,Premier League,False,100,wikipedia;transfermarkt;sofascore
austria_4,Austria,J,Xaver Schlager,,4,MF,1997-09-28,28,"5' 9""",172 lbs,RB Leipzig,Bundesliga,True,51,4,10000000,€10m,223979,791079,RB Leipzig,Bundesliga,False,100,wikipedia;transfermarkt;sofascore
austria_5,Austria,J,Stefan Posch,,5,DF,1997-05-14,29,"6' 3""",181 lbs,Mainz 05,,True,52,5,6000000,€6m,223974,355486,1. FSV Mainz 05,Bundesliga,False,100,wikipedia;transfermarkt;sofascore
austria_6,Austria,J,Nicolas Seiwald,,6,MF,2001-05-04,25,"5' 11""",174 lbs,RB Leipzig,Bundesliga,True,47,1,25000000,€25m,404950,976575,RB Leipzig,Bundesliga,False,100,wikipedia;transfermarkt;sofascore
austria_7,Austria,J,Marko Arnautović,Marko Arnautovic,7,FW,1989-04-19,37,"6' 4""",192 lbs,Red Star Belgrade,,False,133,47,2000000,€2m,41384,21927,FK Crvena zvezda,Mozzart Bet Superliga,False,100,wikipedia;transfermarkt;sofascore
austria_8,Austria,J,David Alaba(captain),David Alaba,8,DF,1992-06-24,33,"5' 11""",172 lbs,Real Madrid,La Liga,True,113,15,,,,,,,False,50,wikipedia
austria_9,Austria,J,Marcel Sabitzer,,9,MF,1994-03-17,32,"5' 10""",170 lbs,Borussia Dortmund,Bundesliga,True,98,26,6000000,€6m,106987,133908,Borussia Dortmund,Bundesliga,False,100,wikipedia;transfermarkt;sofascore
austria_10,Austria,J,Florian Grillitsch,,10,MF,1995-08-07,30,"6' 2""",161 lbs,Braga,,False,58,1,2500000,€2.5m,195736,186719,Sporting Braga,Liga Portugal Betclic,False,100,wikipedia;transfermarkt;sofascore
austria_11,Austria,J,Michael Gregoritsch,,11,FW,1994-04-18,32,"6' 4""",201 lbs,FC Augsburg,Bundesliga,True,75,24,1500000,€1.5m,120205,111483,FC Augsburg,Bundesliga,False,100,wikipedia;transfermarkt;sofascore
austria_12,Austria,J,Florian Wiegele,,12,GK,2001-03-21,25,"6' 9""",214 lbs,Viktoria Plzeň,,False,1,0,2200000,€2.2m,393999,869476,FC Viktoria Plzeň,Czech First League,False,100,wikipedia;transfermarkt;sofascore
austria_13,Austria,J,Patrick Pentz,,13,GK,1997-01-02,29,"6' 0""",179 lbs,Brøndby,,False,18,0,2200000,€2.2m,223972,788319,Brøndby IF,Danish Superliga,False,100,wikipedia;transfermarkt;sofascore
austria_14,Austria,J,Saša Kalajdžić,Sasa Kalajdzic,14,FW,1997-07-07,28,"6' 7""",196 lbs,LASK,,False,22,4,4000000,€4m,369567,870038,LASK,Austrian Bundesliga,False,100,wikipedia;transfermarkt;sofascore
austria_15,Austria,J,Philipp Lienhart,,15,DF,1996-07-11,29,"6' 2""",183 lbs,SC Freiburg,Bundesliga,True,41,3,10000000,€10m,225657,576266,SC Freiburg,Bundesliga,False,100,wikipedia;transfermarkt;sofascore
austria_16,Austria,J,Phillipp Mwene,,16,DF,1994-01-29,32,"5' 7""",146 lbs,Mainz 05,,True,30,0,1500000,€1.5m,127573,138126,1. FSV Mainz 05,Bundesliga,False,100,wikipedia;transfermarkt;sofascore
austria_17,Austria,J,Carney Chukwuemeka,,17,MF,2003-10-20,22,"6' 2""",170 lbs,Borussia Dortmund,Bundesliga,True,3,1,20000000,€20m,659459,994556,Borussia Dortmund,Bundesliga,False,100,wikipedia;transfermarkt;sofascore
austria_18,Austria,J,Romano Schmid,,18,MF,2000-01-27,26,"5' 6""",150 lbs,Werder Bremen,Bundesliga,True,34,3,15000000,€15m,346853,830127,SV Werder Bremen,2. Bundesliga,False,100,wikipedia;transfermarkt;sofascore
austria_20,Austria,J,Konrad Laimer,,20,MF,1997-05-27,29,"5' 11""",159 lbs,Bayern Munich,Bundesliga,True,57,7,32000000,€32m,223967,355492,FC Bayern München,Bundesliga,False,100,wikipedia;transfermarkt;sofascore
austria_21,Austria,J,Patrick Wimmer,,21,MF,2001-05-30,25,"6' 0""",170 lbs,VfL Wolfsburg,Bundesliga,True,30,1,12000000,€12m,533295,987504,VfL Wolfsburg,Bundesliga,False,100,wikipedia;transfermarkt;sofascore
austria_22,Austria,J,Alexander Prass,,22,DF,2001-05-26,25,"6' 0""",159 lbs,TSG Hoffenheim,Bundesliga,True,19,0,9000000,€9m,434116,978062,TSG Hoffenheim,Bundesliga,False,100,wikipedia;transfermarkt;sofascore
austria_23,Austria,J,Marco Friedl,,23,DF,1998-03-16,28,"6' 2""",181 lbs,Werder Bremen,Bundesliga,True,11,0,10000000,€10m,156990,825771,SV Werder Bremen,2. Bundesliga,False,100,wikipedia;transfermarkt;sofascore
austria_24,Austria,J,Paul Wanner,,24,MF,2005-12-23,20,"6' 1""",163 lbs,PSV Eindhoven,,False,3,0,22000000,€22m,900909,1146018,PSV Eindhoven,VriendenLoterij Eredivisie,False,100,wikipedia;transfermarkt;sofascore
austria_25,Austria,J,Michael Svoboda,,25,DF,1998-10-15,27,"6' 5""",190 lbs,Venezia,Serie A,True,4,0,3500000,€3.5m,438961,888340,Venezia,Serie A,False,100,wikipedia;transfermarkt;sofascore
austria_26,Austria,J,Alessandro Schöpf,,26,MF,1994-02-07,32,"5' 10""",161 lbs,Wolfsberger AC,,False,35,6,800000,€800k,118397,147776,Wolfsberger AC,Austrian Bundesliga,False,100,wikipedia;transfermarkt;sofascore
belgium_1,Belgium,G,Thibaut Courtois,,1,GK,1992-05-11,34,"6' 7""",212 lbs,Real Madrid,La Liga,True,109,0,15000000,€15m,108390,70988,Real Madrid,LaLiga,False,100,wikipedia;transfermarkt;sofascore
belgium_2,Belgium,G,Zeno Debast,,2,DF,2003-10-24,22,"6' 3""",163 lbs,Sporting CP,,False,26,1,28000000,€28m,548193,1126512,Sporting CP,Liga Portugal Betclic,False,100,wikipedia;transfermarkt;sofascore
belgium_3,Belgium,G,Arthur Theate,,3,DF,2000-05-25,26,"6' 1""",172 lbs,Eintracht Frankfurt,Bundesliga,True,33,1,17000000,€17m,368891,965778,Eintracht Frankfurt,Bundesliga,False,100,wikipedia;transfermarkt;sofascore
belgium_4,Belgium,G,Brandon Mechele,,4,DF,1993-01-28,33,"6' 3""",172 lbs,Club Brugge,,False,9,1,2800000,€2.8m,236168,248331,Club Brugge KV,Pro League,False,100,wikipedia;transfermarkt;sofascore
belgium_5,Belgium,G,Maxim De Cuyper,,5,DF,2000-12-22,25,"6' 0""",157 lbs,Brighton & Hove Albion,Premier League,True,19,4,22000000,€22m,429915,997152,Brighton & Hove Albion,Premier League,False,100,wikipedia;transfermarkt;sofascore
belgium_6,Belgium,G,Axel Witsel,,6,MF,1989-01-12,37,"6' 1""",181 lbs,Girona,La Liga,False,138,12,1200000,€1.2m,35047,35612,Girona FC,LaLiga 2,False,100,wikipedia;transfermarkt;sofascore
belgium_7,Belgium,G,Kevin De Bruyne,,7,MF,1991-06-28,34,"5' 11""",172 lbs,Napoli,Serie A,True,119,37,8000000,€8m,88755,70996,SSC Napoli,Serie A,False,100,wikipedia;transfermarkt;sofascore
belgium_8,Belgium,G,Youri Tielemans(captain),Youri Tielemans,8,MF,1997-05-07,29,"5' 9""",159 lbs,Aston Villa,Premier League,True,85,13,,,,,,,False,50,wikipedia
belgium_9,Belgium,G,Romelu Lukaku,,9,FW,1993-05-13,33,"6' 3""",225 lbs,Napoli,Serie A,True,126,90,6000000,€6m,96341,78893,SSC Napoli,Serie A,False,100,wikipedia;transfermarkt;sofascore
belgium_10,Belgium,G,Leandro Trossard,,10,FW,1994-12-04,31,"5' 8""",141 lbs,Arsenal,Premier League,True,51,12,18000000,€18m,144028,135666,Arsenal,Premier League,False,100,wikipedia;transfermarkt;sofascore
belgium_11,Belgium,G,Jérémy Doku,,11,FW,2002-05-27,24,"5' 8""",181 lbs,Manchester City,Premier League,True,43,7,75000000,€75m,486049,934386,Manchester City,Premier League,False,100,wikipedia;transfermarkt;sofascore
belgium_12,Belgium,G,Senne Lammens,,12,GK,2002-07-07,23,"6' 4""",192 lbs,Manchester United,Premier League,True,2,0,35000000,€35m,503883,964753,Manchester United,Premier League,False,100,wikipedia;transfermarkt;sofascore
belgium_13,Belgium,G,Mike Penders,,13,GK,2005-07-31,20,"6' 7""",227 lbs,Strasbourg,Ligue 1,True,0,0,25000000,€25m,834397,1149148,RC Strasbourg,Ligue 1,False,95,wikipedia;transfermarkt;sofascore
belgium_14,Belgium,G,Dodi Lukébakio,,14,FW,1997-09-24,28,"6' 2""",170 lbs,Benfica,,False,30,6,15000000,€15m,303259,823631,Benfica,Liga Portugal Betclic,False,100,wikipedia;transfermarkt;sofascore
belgium_15,Belgium,G,Thomas Meunier,,15,DF,1991-09-12,34,"6' 3""",192 lbs,Lille,Ligue 1,True,80,10,1500000,€1.5m,100986,128587,Lille,Ligue 1,False,100,wikipedia;transfermarkt;sofascore
belgium_16,Belgium,G,Koni De Winter,,16,DF,2002-06-12,23,"6' 3""",172 lbs,Milan,Serie A,True,8,0,23000000,€23m,490384,1001828,AC Milan,Serie A,False,100,wikipedia;transfermarkt;sofascore
belgium_17,Belgium,G,Charles De Ketelaere,,17,FW,2001-03-10,25,"6' 4""",183 lbs,Atalanta,Serie A,True,30,6,30000000,€30m,435772,960441,Atalanta,Serie A,False,100,wikipedia;transfermarkt;sofascore
belgium_18,Belgium,G,Joaquin Seys,,18,DF,2005-03-28,21,"5' 10""",115 lbs,Club Brugge,,False,5,0,20000000,€20m,981196,1395881,Club Brugge KV,Pro League,False,100,wikipedia;transfermarkt;sofascore
belgium_19,Belgium,G,Diego Moreira,,19,FW,2004-08-06,21,"5' 10""",161 lbs,Strasbourg,Ligue 1,True,3,0,25000000,€25m,655006,1142233,RC Strasbourg,Ligue 1,False,100,wikipedia;transfermarkt;sofascore
belgium_20,Belgium,G,Hans Vanaken,,20,MF,1992-08-24,33,"6' 5""",170 lbs,Club Brugge,,False,34,7,5000000,€5m,137576,118085,Club Brugge KV,Pro League,False,100,wikipedia;transfermarkt;sofascore
belgium_21,Belgium,G,Timothy Castagne,,21,DF,1995-12-05,30,"6' 1""",174 lbs,Fulham,Premier League,True,63,2,8000000,€8m,262226,329417,Fulham,Championship,False,100,wikipedia;transfermarkt;sofascore
belgium_22,Belgium,G,Alexis Saelemaekers,,22,FW,1999-06-27,26,"5' 11""",159 lbs,Milan,Serie A,True,24,2,20000000,€20m,381950,901891,AC Milan,Serie A,False,100,wikipedia;transfermarkt;sofascore
belgium_23,Belgium,G,Nicolas Raskin,,23,MF,2001-02-23,25,"5' 10""",168 lbs,Rangers,,False,13,2,12000000,€12m,422763,889378,Rangers,Scottish Premiership,False,100,wikipedia;transfermarkt;sofascore
belgium_24,Belgium,G,Amadou Onana,,24,MF,2001-08-16,24,"6' 5""",168 lbs,Aston Villa,Premier League,True,29,1,45000000,€45m,485706,923973,Aston Villa,Premier League,False,100,wikipedia;transfermarkt;sofascore
belgium_25,Belgium,G,Nathan Ngoy,,25,DF,2003-06-10,23,"6' 0""",172 lbs,Lille,Ligue 1,True,4,0,25000000,€25m,548254,1119487,Lille,Ligue 1,False,100,wikipedia;transfermarkt;sofascore
belgium_26,Belgium,G,Matias Fernandez-Pardo,,26,FW,2005-02-03,21,"6' 0""",190 lbs,Lille,Ligue 1,True,2,0,35000000,€35m,724129,1149144,Lille,Ligue 1,False,100,wikipedia;transfermarkt;sofascore
bosnia-and-herzegovina_1,Bosnia and Herzegovina,B,Nikola Vasilj,,1,GK,1995-12-02,30,"6' 4""",190 lbs,FC St. Pauli,Bundesliga,False,26,0,4500000,€4.5m,248454,325061,FC St. Pauli,2. Bundesliga,False,100,wikipedia;transfermarkt;sofascore
bosnia-and-herzegovina_2,Bosnia and Herzegovina,B,Nihad Mujakić,Nihad Mujakic,2,DF,1998-04-15,28,"6' 2""",172 lbs,Gaziantep,,False,12,1,1200000,€1.2m,380919,858004,Gaziantep FK,Trendyol Süper Lig,False,100,wikipedia;transfermarkt;sofascore
bosnia-and-herzegovina_3,Bosnia and Herzegovina,B,Dennis Hadžikadunić,Dennis Hadzikadunic,3,DF,1998-07-09,27,"6' 3""",179 lbs,Sampdoria,,False,32,0,1200000,€1.2m,322065,802830,Sampdoria,Serie A,False,100,wikipedia;transfermarkt;sofascore
bosnia-and-herzegovina_4,Bosnia and Herzegovina,B,Tarik Muharemović,Tarik Muharemovic,4,DF,2003-02-28,23,"6' 4""",183 lbs,Sassuolo,,True,14,1,25000000,€25m,679423,1118177,Sassuolo,Serie A,False,100,wikipedia;transfermarkt;sofascore
bosnia-and-herzegovina_5,Bosnia and Herzegovina,B,Sead Kolašinac,Sead Kolasinac,5,DF,1993-06-20,32,"6' 0""",185 lbs,Atalanta,Serie A,True,65,0,4000000,€4m,94005,142148,Atalanta,Serie A,False,100,wikipedia;transfermarkt;sofascore
bosnia-and-herzegovina_6,Bosnia and Herzegovina,B,Benjamin Tahirović,Benjamin Tahirovic,6,MF,2003-03-03,23,"6' 4""",183 lbs,Brøndby,,False,28,2,4500000,€4.5m,787907,1102659,Brøndby IF,Danish Superliga,False,100,wikipedia;transfermarkt;sofascore
bosnia-and-herzegovina_7,Bosnia and Herzegovina,B,Amar Dedić,Amar Dedic,7,DF,2002-08-18,23,"5' 11""",161 lbs,Benfica,,False,28,1,16000000,€16m,519184,1102791,Benfica,Liga Portugal Betclic,False,100,wikipedia;transfermarkt;sofascore
bosnia-and-herzegovina_8,Bosnia and Herzegovina,B,Armin Gigović,Armin Gigovic,8,MF,2002-04-06,24,"6' 2""",172 lbs,Young Boys,,False,20,1,2500000,€2.5m,651269,988893,BSC Young Boys,Swiss Super League,False,100,wikipedia;transfermarkt;sofascore
bosnia-and-herzegovina_9,Bosnia and Herzegovina,B,Samed Baždar,Samed Bazdar,9,FW,2004-01-31,22,"6' 2""",174 lbs,Jagiellonia Białystok,,False,13,1,1500000,€1.5m,710969,1100965,Jagiellonia Białystok,Ekstraklasa,False,100,wikipedia;transfermarkt;sofascore
bosnia-and-herzegovina_10,Bosnia and Herzegovina,B,Ermedin Demirović,Ermedin Demirovic,10,FW,1998-03-25,28,"6' 1""",183 lbs,VfB Stuttgart,Bundesliga,True,40,4,22000000,€22m,335457,878081,VfB Stuttgart,Bundesliga,False,100,wikipedia;transfermarkt;sofascore
bosnia-and-herzegovina_11,Bosnia and Herzegovina,B,Edin Džeko(captain),Edin Dzeko,11,FW,1986-03-17,40,"6' 4""",174 lbs,Schalke 04,,False,148,73,,,,,,,False,50,wikipedia
bosnia-and-herzegovina_12,Bosnia and Herzegovina,B,Mladen Jurkas,,12,GK,2007-10-07,18,"6' 4""",196 lbs,Borac Banja Luka,,False,0,0,700000,€700k,952692,1587186,FK Borac Banja Luka,Bosnia & Herzegovina Cup,False,95,wikipedia;transfermarkt;sofascore
bosnia-and-herzegovina_13,Bosnia and Herzegovina,B,Ivan Bašić,Ivan Basic,13,MF,2002-04-30,24,"5' 10""",163 lbs,Astana,,False,17,0,1500000,€1.5m,620560,1049701,Astana,Kazakhstan Premier League,False,100,wikipedia;transfermarkt;sofascore
bosnia-and-herzegovina_14,Bosnia and Herzegovina,B,Ivan Šunjić,Ivan Sunjic,14,MF,1996-10-09,29,"6' 1""",152 lbs,Pafos,,False,11,0,2000000,€2m,226097,283833,Pafos FC,Cyprus League by Stoiximan,False,100,wikipedia;transfermarkt;sofascore
bosnia-and-herzegovina_15,Bosnia and Herzegovina,B,Amar Memić,Amar Memic,15,MF,2001-01-20,25,"5' 9""",159 lbs,Viktoria Plzeň,,False,13,1,4500000,€4.5m,638990,1129610,FC Viktoria Plzeň,Czech First League,False,100,wikipedia;transfermarkt;sofascore
bosnia-and-herzegovina_16,Bosnia and Herzegovina,B,Amir Hadžiahmetović,Amir Hadziahmetovic,16,MF,1997-03-08,29,"5' 10""",157 lbs,Hull City,,False,36,0,4000000,€4m,293213,795421,Hull City,Championship,False,100,wikipedia;transfermarkt;sofascore
bosnia-and-herzegovina_17,Bosnia and Herzegovina,B,Dženis Burnić,Dzenis Burnic,17,MF,1998-05-22,28,"5' 11""",161 lbs,Karlsruher SC,,False,20,0,1200000,€1.2m,251295,844447,Karlsruher SC,2. Bundesliga,False,100,wikipedia;transfermarkt;sofascore
bosnia-and-herzegovina_18,Bosnia and Herzegovina,B,Nikola Katić,Nikola Katic,18,DF,1996-10-10,29,"6' 4""",196 lbs,Schalke 04,,False,17,2,1800000,€1.8m,422051,831488,FC Schalke 04,2. Bundesliga,False,100,wikipedia;transfermarkt;sofascore
bosnia-and-herzegovina_19,Bosnia and Herzegovina,B,Kerim Alajbegović,Kerim Alajbegovic,19,FW,2007-09-21,18,"6' 1""",168 lbs,Red Bull Salzburg,,False,10,1,22000000,€22m,929994,1425366,Red Bull Salzburg,Austrian Bundesliga,False,100,wikipedia;transfermarkt;sofascore
bosnia-and-herzegovina_20,Bosnia and Herzegovina,B,Esmir Bajraktarević,Esmir Bajraktarevic,20,FW,2005-03-10,21,"5' 9""",139 lbs,PSV Eindhoven,,False,16,1,8000000,€8m,925862,1136110,PSV Eindhoven,VriendenLoterij Eredivisie,False,100,wikipedia;transfermarkt;sofascore
bosnia-and-herzegovina_21,Bosnia and Herzegovina,B,Stjepan Radeljić,Stjepan Radeljic,21,DF,1997-09-05,28,"6' 7""",192 lbs,Rijeka,,False,5,0,2800000,€2.8m,384568,843746,HNK Rijeka,HNL,False,100,wikipedia;transfermarkt;sofascore
bosnia-and-herzegovina_22,Bosnia and Herzegovina,B,Martin Zlomislić,Martin Zlomislic,22,GK,1998-08-16,27,"6' 3""",185 lbs,Rijeka,,False,3,0,2000000,€2m,495320,885719,HNK Rijeka,HNL,False,100,wikipedia;transfermarkt;sofascore
bosnia-and-herzegovina_23,Bosnia and Herzegovina,B,Haris Tabaković,Haris Tabakovic,23,FW,1994-06-20,31,"6' 5""",196 lbs,Borussia Mönchengladbach,Bundesliga,True,10,4,3500000,€3.5m,203123,259803,Borussia M'gladbach,Bundesliga,False,100,wikipedia;transfermarkt;sofascore
bosnia-and-herzegovina_24,Bosnia and Herzegovina,B,Nidal Čelik,Nidal Celik,24,DF,2006-07-17,19,"6' 4""",183 lbs,Lens,Ligue 1,True,2,0,7000000,€7m,819566,1399503,RC Lens,Ligue 1,False,100,wikipedia;transfermarkt;sofascore
bosnia-and-herzegovina_25,Bosnia and Herzegovina,B,Jovo Lukić,Jovo Lukic,25,FW,1998-11-28,27,"6' 3""",174 lbs,Universitatea Cluj,,False,3,0,2200000,€2.2m,457738,927797,FC Universitatea Cluj,Liga 2 Casa Pariurilor,False,100,wikipedia;transfermarkt;sofascore
bosnia-and-herzegovina_26,Bosnia and Herzegovina,B,Ermin Mahmić,Ermin Mahmic,26,MF,2005-03-14,21,"6' 0""",179 lbs,Slovan Liberec,,False,2,0,5000000,€5m,803049,1149353,FC Slovan Liberec,Czech First League,False,100,wikipedia;transfermarkt;sofascore
brazil_1,Brazil,C,Alisson,Alisson Becker,1,GK,1992-10-02,33,"6' 4""",201 lbs,Liverpool,Premier League,True,78,0,15000000,€15m,105470,243609,Liverpool FC,Premier League,False,100,wikipedia;transfermarkt;sofascore
brazil_2,Brazil,C,Éderson Silva,Éderson,2,MF,1999-07-07,26,"6' 0""",183 lbs,Atalanta,Serie A,True,3,0,,,,,,,False,50,wikipedia
brazil_3,Brazil,C,Gabriel Magalhães,,3,DF,1997-12-19,28,"6' 3""",203 lbs,Arsenal,Premier League,True,17,1,,,,869792,Arsenal,Premier League,False,75,wikipedia;sofascore
brazil_4,Brazil,C,Marquinhos(captain),Marquinhos,4,DF,1994-05-14,32,"6' 0""",172 lbs,Paris Saint-Germain,Ligue 1,True,105,7,,,,,,,False,50,wikipedia
brazil_5,Brazil,C,Casemiro,,5,MF,1992-02-23,34,"6' 1""",183 lbs,Manchester United,Premier League,True,86,9,6000000,€6m,16306,122951,Manchester United,Premier League,False,100,wikipedia;transfermarkt;sofascore
brazil_6,Brazil,C,Alex Sandro,,6,DF,1991-01-26,35,"5' 11""",181 lbs,Flamengo,,False,45,2,1000000,€1m,79960,84854,Flamengo,Brasileirão Betano,False,100,wikipedia;transfermarkt;sofascore
brazil_7,Brazil,C,Vinícius Júnior,,7,FW,2000-07-12,25,"5' 9""",170 lbs,Real Madrid,La Liga,True,49,9,140000000,€140m,371998,868812,Real Madrid,LaLiga,False,100,wikipedia;transfermarkt;sofascore
brazil_8,Brazil,C,Bruno Guimarães,,8,MF,1997-11-16,28,"6' 0""",172 lbs,Newcastle United,Premier League,True,43,3,70000000,€70m,520624,866469,Newcastle United,Premier League,False,100,wikipedia;transfermarkt;sofascore
brazil_9,Brazil,C,Matheus Cunha,,9,FW,1999-05-27,27,"6' 0""",168 lbs,Manchester United,Premier League,True,23,1,75000000,€75m,517894,886363,Manchester United,Premier League,False,100,wikipedia;transfermarkt;sofascore
brazil_10,Brazil,C,Neymar,,10,FW,1992-02-05,34,"5' 9""",161 lbs,Santos,,False,128,79,8000000,€8m,68290,124712,Santos,Brasileirão Betano,False,100,wikipedia;transfermarkt;sofascore
brazil_11,Brazil,C,Raphinha,,11,FW,1996-12-14,29,"5' 9""",139 lbs,Barcelona,La Liga,True,39,11,70000000,€70m,411295,831005,FC Barcelona,LaLiga,False,100,wikipedia;transfermarkt;sofascore
brazil_12,Brazil,C,Weverton,,12,GK,1987-12-13,38,"6' 2""",183 lbs,Grêmio,,False,11,0,700000,€700k,69400,243529,Grêmio,Brasileirão Betano,False,100,wikipedia;transfermarkt;sofascore
brazil_13,Brazil,C,Danilo Luiz,Danilo,13,DF,1991-07-15,34,"6' 0""",183 lbs,Flamengo,,False,70,1,,,,,,,False,50,wikipedia
brazil_14,Brazil,C,Bremer,,14,DF,1997-03-18,29,"6' 2""",192 lbs,Juventus,Serie A,True,8,1,35000000,€35m,516716,885197,Juventus,Serie A,False,100,wikipedia;transfermarkt;sofascore
brazil_15,Brazil,C,Léo Pereira,,15,DF,1996-01-31,30,"6' 2""",174 lbs,Flamengo,,False,4,0,12000000,€12m,288431,358548,Flamengo,Brasileirão Betano,False,100,wikipedia;transfermarkt;sofascore
brazil_16,Brazil,C,Douglas Santos,,16,DF,1994-03-22,32,"5' 8""",150 lbs,Zenit Saint Petersburg,,False,7,0,7500000,€7.5m,220793,243583,Zenit St. Petersburg,Russian Premier League,False,100,wikipedia;transfermarkt;sofascore
brazil_17,Brazil,C,Fabinho,,17,MF,1993-10-23,32,"6' 2""",172 lbs,Al-Ittihad,Saudi Pro League,True,33,0,12000000,€12m,225693,243585,Al-Ittihad,Saudi Pro League,False,100,wikipedia;transfermarkt;sofascore
brazil_18,Brazil,C,Danilo Santos,,18,MF,2001-04-29,25,"5' 10""",152 lbs,Botafogo,,False,4,2,7500000,€7.5m,220793,1064039,Botafogo,Brasileirão Série B,False,100,wikipedia;transfermarkt;sofascore
brazil_19,Brazil,C,Endrick,,19,FW,2006-07-21,19,"5' 8""",148 lbs,Lyon,Ligue 1,True,17,4,40000000,€40m,971570,1174937,Olympique Lyonnais,Ligue 1,False,100,wikipedia;transfermarkt;sofascore
brazil_20,Brazil,C,Lucas Paquetá,,20,MF,1997-08-27,28,"6' 0""",161 lbs,Flamengo,,False,63,13,32000000,€32m,444523,839981,Flamengo,Brasileirão Betano,False,100,wikipedia;transfermarkt;sofascore
brazil_21,Brazil,C,Luiz Henrique,,21,FW,2001-01-02,25,"6' 0""",170 lbs,Zenit Saint Petersburg,,False,15,2,24000000,€24m,800175,1035995,Zenit St. Petersburg,Russian Premier League,False,100,wikipedia;transfermarkt;sofascore
brazil_22,Brazil,C,Gabriel Martinelli,,22,FW,2001-06-18,24,"5' 10""",161 lbs,Arsenal,Premier League,True,23,4,45000000,€45m,655488,922573,Arsenal,Premier League,False,100,wikipedia;transfermarkt;sofascore
brazil_23,Brazil,C,Ederson Moraes,Ederson,23,GK,1993-08-17,32,"6' 2""",198 lbs,Fenerbahçe,,False,32,0,,,,,,,False,50,wikipedia
brazil_24,Brazil,C,Roger Ibañez,,24,DF,1998-11-23,27,"6' 1""",174 lbs,Al-Ahli,Saudi Pro League,True,7,0,18000000,€18m,524481,888949,Al-Ahli,Saudi Pro League,False,100,wikipedia;transfermarkt;sofascore
brazil_25,Brazil,C,Igor Thiago,,25,FW,2001-06-26,24,"6' 3""",207 lbs,Brentford,Premier League,True,4,2,65000000,€65m,739443,1016907,Brentford,Premier League,False,100,wikipedia;transfermarkt;sofascore
brazil_26,Brazil,C,Rayan,,26,FW,2006-08-03,19,"6' 2""",192 lbs,Bournemouth,Premier League,True,2,1,60000000,€60m,1012564,1464966,Bournemouth,Championship,False,100,wikipedia;transfermarkt;sofascore
canada_1,Canada,B,Dayne St. Clair,,1,GK,1997-05-09,29,"6' 3""",190 lbs,Inter Miami CF,,False,20,0,,,,973286,Inter Miami CF,MLS,False,75,wikipedia;sofascore
canada_2,Canada,B,Alistair Johnston,,2,DF,1998-10-08,27,"5' 11""",170 lbs,Celtic,,False,58,1,,,,984419,Celtic,Scottish Premiership,False,75,wikipedia;sofascore
canada_3,Canada,B,Alfie Jones,,3,DF,1997-10-07,28,"6' 3""",194 lbs,Middlesbrough,,False,2,0,,,,845426,Middlesbrough,Championship,False,75,wikipedia;sofascore
canada_4,Canada,B,Luc de Fougerolles,,4,DF,2005-10-12,20,"6' 0""",159 lbs,Dender,,False,13,0,,,,1413129,FCV Dender,Pro League,False,75,wikipedia;sofascore
canada_5,Canada,B,Joel Waterman,,5,DF,1996-01-24,30,"6' 2""",172 lbs,Chicago Fire FC,,False,17,0,,,,1020472,Chicago Fire,MLS,False,75,wikipedia;sofascore
canada_6,Canada,B,Mathieu Choinière,,6,MF,1999-02-07,27,"5' 9""",150 lbs,Los Angeles FC,,False,23,0,,,,937255,Los Angeles FC,MLS,False,75,wikipedia;sofascore
canada_7,Canada,B,Stephen Eustáquio,,7,MF,1996-12-21,29,"5' 10""",152 lbs,Los Angeles FC,,False,56,4,,,,886223,Los Angeles FC,MLS,False,75,wikipedia;sofascore
canada_8,Canada,B,Ismaël Koné,,8,MF,2002-06-16,23,"6' 2""",168 lbs,Sassuolo,,True,40,4,,,,1134351,Sassuolo,Serie A,False,75,wikipedia;sofascore
canada_9,Canada,B,Cyle Larin,,9,FW,1995-04-17,31,"6' 2""",190 lbs,Southampton,Premier League,True,90,30,,,,790179,Southampton,Premier League,False,75,wikipedia;sofascore
canada_10,Canada,B,Jonathan David,,10,FW,2000-01-14,26,"5' 10""",179 lbs,Juventus,Serie A,True,77,39,,,,935564,Juventus,Serie A,False,75,wikipedia;sofascore
canada_11,Canada,B,Liam Millar,,11,MF,1999-09-27,26,"5' 11""",159 lbs,Hull City,,False,41,1,,,,902083,Hull City,Championship,False,75,wikipedia;sofascore
canada_12,Canada,B,Tani Oluwaseyi,,12,FW,2000-05-15,26,"6' 2""",174 lbs,Villarreal,La Liga,True,24,2,,,,1172477,Villarreal,LaLiga,False,75,wikipedia;sofascore
canada_13,Canada,B,Derek Cornelius,,13,DF,1997-11-25,28,"6' 2""",190 lbs,Olympique de Marseille,,True,44,1,,,,801411,Olympique de Marseille,Ligue 1,False,75,wikipedia;sofascore
canada_14,Canada,B,Jacob Shaffelburg,,14,MF,1999-11-26,26,"5' 11""",161 lbs,Los Angeles FC,,False,31,6,,,,976313,Los Angeles FC,MLS,False,75,wikipedia;sofascore
canada_15,Canada,B,Moïse Bombito,,15,DF,2000-03-30,26,"6' 3""",183 lbs,Nice,Ligue 1,True,20,0,,,,1469180,Nice,Ligue 1,False,75,wikipedia;sofascore
canada_16,Canada,B,Maxime Crépeau,,16,GK,1994-05-11,32,"5' 11""",192 lbs,Orlando City SC,,False,32,0,,,,155736,Orlando City SC,MLS,False,75,wikipedia;sofascore
canada_17,Canada,B,Tajon Buchanan,,17,FW,1999-02-08,27,"6' 0""",150 lbs,Villarreal,La Liga,True,60,8,,,,973290,Villarreal,LaLiga,False,75,wikipedia;sofascore
canada_18,Canada,B,Owen Goodman,,18,GK,2003-11-27,22,"6' 4""",183 lbs,Barnsley,,False,0,0,,,,1087790,Barnsley,Championship,False,70,wikipedia;sofascore
canada_19,Canada,B,Alphonso Davies(captain),Alphonso Davies,19,DF,2000-11-02,25,"6' 1""",170 lbs,Bayern Munich,Bundesliga,True,58,15,,,,,,,False,50,wikipedia
canada_20,Canada,B,Ali Ahmed,,20,FW,2000-10-10,25,"5' 11""",163 lbs,Norwich City,,False,24,1,,,,1464637,Norwich City,Premier League,False,75,wikipedia;sofascore
canada_21,Canada,B,Jonathan Osorio,,21,MF,1992-06-12,33,"5' 9""",150 lbs,Toronto FC,,False,90,10,,,,273031,Toronto FC,MLS,False,75,wikipedia;sofascore
canada_22,Canada,B,Richie Laryea,,22,DF,1995-01-07,31,"5' 9""",150 lbs,Toronto FC,,False,75,1,,,,829207,Toronto FC,MLS,False,75,wikipedia;sofascore
canada_23,Canada,B,Niko Sigur,,23,DF,2003-09-09,22,"5' 11""",170 lbs,Hajduk Split,,False,19,2,,,,1411145,HNK Hajduk Split,HNL,False,75,wikipedia;sofascore
canada_24,Canada,B,Promise David,,24,FW,2001-07-03,24,"6' 5""",201 lbs,Union Saint-Gilloise,,False,10,3,,,,1119328,Royale Union Saint-Gilloise,Pro League,False,75,wikipedia;sofascore
canada_25,Canada,B,Nathan Saliba,,25,MF,2004-02-07,22,"5' 11""",157 lbs,Anderlecht,,False,15,2,,,,1093229,RSC Anderlecht,Pro League,False,75,wikipedia;sofascore
cape-verde_1,Cape Verde,H,Vozinha,,1,GK,1986-06-03,40,"6' 2""",161 lbs,Chaves,,False,86,0,50000,€50k,242277,307436,Chaves,Liga Portugal 2,False,100,wikipedia;transfermarkt;sofascore
cape-verde_2,Cape Verde,H,Stopira,,2,DF,1988-05-20,38,"5' 10""",159 lbs,Torreense,,False,62,4,50000,€50k,80486,59609,Torreense,Campeonato de Portugal,False,100,wikipedia;transfermarkt;sofascore
cape-verde_3,Cape Verde,H,Diney,Diney Borges,3,DF,1995-01-17,31,"6' 1""",172 lbs,Al Bataeh,,False,30,2,,,,,,,False,50,wikipedia
cape-verde_4,Cape Verde,H,Roberto Lopes,Pico Lopes,4,DF,1992-06-17,33,"6' 1""",183 lbs,Shamrock Rovers,,False,45,0,250000,€250k,166158,,,,False,75,wikipedia;transfermarkt
cape-verde_5,Cape Verde,H,Logan Costa,,5,DF,2001-04-01,25,"6' 3""",201 lbs,Villarreal,La Liga,True,28,0,15000000,€15m,484988,911853,Villarreal,LaLiga,False,100,wikipedia;transfermarkt;sofascore
cape-verde_6,Cape Verde,H,Kevin Pina,,6,MF,1997-01-27,29,"5' 11""",174 lbs,Trabzonspor,,False,31,3,11000000,€11m,1072017,1513625,Trabzonspor,Trendyol Süper Lig,False,100,wikipedia;transfermarkt;sofascore
cape-verde_7,Cape Verde,H,Jovane Cabral,,7,FW,1998-06-14,27,"5' 9""",159 lbs,Estrela Amadora,,False,27,2,1000000,€1m,448466,845802,CF Estrela Amadora,Liga Portugal 2,False,100,wikipedia;transfermarkt;sofascore
cape-verde_8,Cape Verde,H,João Paulo,,8,MF,1998-05-26,28,"5' 11""",163 lbs,FCSB,,False,42,1,900000,€900k,623965,1001675,FCSB,SuperLiga României,False,100,wikipedia;transfermarkt;sofascore
cape-verde_9,Cape Verde,H,Gilson Benchimol,,9,FW,2001-12-29,24,"6' 2""",172 lbs,Akron Tolyatti,,False,22,6,1200000,€1.2m,820252,,,,False,75,wikipedia;transfermarkt
cape-verde_10,Cape Verde,H,Jamiro Monteiro,,10,MF,1993-11-23,32,"5' 9""",150 lbs,PEC Zwolle,,False,55,5,650000,€650k,272930,815080,PEC Zwolle,VriendenLoterij Eredivisie,False,100,wikipedia;transfermarkt;sofascore
cape-verde_11,Cape Verde,H,Garry Rodrigues,,11,FW,1990-11-27,35,"5' 8""",150 lbs,Apollon Limassol,,False,60,10,300000,€300k,170895,787429,Apollon Limassol,Cyprus League by Stoiximan,False,100,wikipedia;transfermarkt;sofascore
cape-verde_12,Cape Verde,H,Márcio Rosa,,12,GK,1997-02-23,29,"6' 1""",181 lbs,Montana,,False,11,0,350000,€350k,398048,892133,PFK Montana 1921,Vtora Liga,False,100,wikipedia;transfermarkt;sofascore
cape-verde_13,Cape Verde,H,Sidny Lopes Cabral,,13,DF,2002-09-18,23,"5' 9""",161 lbs,Benfica,,False,9,3,4000000,€4m,611855,1117723,Benfica,Liga Portugal Betclic,False,100,wikipedia;transfermarkt;sofascore
cape-verde_14,Cape Verde,H,Deroy Duarte,,14,MF,1999-07-04,26,"5' 10""",152 lbs,Ludogorets Razgrad,,False,30,0,1800000,€1.8m,432852,921089,Ludogorets,Bulgarian Cup,False,100,wikipedia;transfermarkt;sofascore
cape-verde_15,Cape Verde,H,Laros Duarte,,15,MF,1997-02-28,29,"5' 11""",159 lbs,Puskás Akadémia,,False,13,1,1000000,€1m,258513,798177,Puskás Akadémia,Fizz Liga,False,100,wikipedia;transfermarkt;sofascore
cape-verde_16,Cape Verde,H,Yannick Semedo,,16,MF,1995-12-29,30,"5' 9""",130 lbs,Farense,,False,10,1,250000,€250k,620307,818064,SC Farense,Liga Portugal 2,False,100,wikipedia;transfermarkt;sofascore
cape-verde_17,Cape Verde,H,Willy Semedo,,17,FW,1994-04-27,32,"6' 1""",150 lbs,Omonia,,False,38,3,1000000,€1m,531450,889052,Omonia Nicosia,Cyprus League by Stoiximan,False,100,wikipedia;transfermarkt;sofascore
cape-verde_18,Cape Verde,H,Telmo Arcanjo,,18,MF,2001-06-21,24,"5' 11""",172 lbs,Vitória de Guimarães,,False,16,1,3000000,€3m,791528,1035280,Vitória SC,Liga Portugal Betclic,False,100,wikipedia;transfermarkt;sofascore
cape-verde_19,Cape Verde,H,Dailon Livramento,,19,FW,2001-05-04,25,"6' 1""",161 lbs,Casa Pia,,False,22,7,800000,€800k,676411,1155358,Casa Pia,Liga Portugal 2,False,100,wikipedia;transfermarkt;sofascore
cape-verde_20,Cape Verde,H,Ryan Mendes(captain),Ryan Mendes,20,FW,1990-01-08,36,"5' 10""",152 lbs,Iğdır,,False,98,22,,,,,,,False,50,wikipedia
cape-verde_21,Cape Verde,H,Nuno da Costa,,21,FW,1991-02-10,35,"6' 0""",150 lbs,İstanbul Başakşehir,,False,9,2,400000,€400k,306166,209374,Başakşehir FK,Trendyol Süper Lig,False,100,wikipedia;transfermarkt;sofascore
cape-verde_22,Cape Verde,H,Steven Moreira,,22,DF,1994-08-13,31,"5' 10""",159 lbs,Columbus Crew,,False,20,0,1500000,€1.5m,203517,287833,Columbus Crew,MLS,False,100,wikipedia;transfermarkt;sofascore
cape-verde_23,Cape Verde,H,CJ dos Santos,,23,GK,2000-08-24,25,"6' 3""",168 lbs,San Diego FC,,False,1,0,1000000,€1m,532096,906020,San Diego FC,MLS,False,100,wikipedia;transfermarkt;sofascore
cape-verde_24,Cape Verde,H,Wagner Pina,,24,DF,2002-11-03,23,"5' 11""",159 lbs,Trabzonspor,,False,13,0,11000000,€11m,1072017,1513625,Trabzonspor,Trendyol Süper Lig,False,100,wikipedia;transfermarkt;sofascore
cape-verde_25,Cape Verde,H,Kelvin Pires,,25,DF,2000-06-05,26,"6' 4""",185 lbs,SJK,,False,5,1,400000,€400k,662119,1048591,SJK,Veikkausliiga,False,100,wikipedia;transfermarkt;sofascore
cape-verde_26,Cape Verde,H,Hélio Varela,,26,FW,2002-05-03,24,"5' 9""",159 lbs,Maccabi Tel Aviv,,False,20,0,2500000,€2.5m,840836,1094395,Maccabi Tel Aviv,Israeli Premier League,False,100,wikipedia;transfermarkt;sofascore
colombia_1,Colombia,K,David Ospina,,1,GK,1988-08-31,37,"6' 0""",172 lbs,Atlético Nacional,,False,130,0,100000,€100k,73396,33596,Atlético Nacional,"Primera A, Finalización",False,100,wikipedia;transfermarkt;sofascore
colombia_2,Colombia,K,Daniel Muñoz,,2,DF,1996-05-26,30,"5' 11""",172 lbs,Crystal Palace,Premier League,True,46,3,22000000,€22m,493003,870360,Crystal Palace,Premier League,False,100,wikipedia;transfermarkt;sofascore
colombia_3,Colombia,K,Jhon Lucumí,,3,DF,1998-06-26,27,"6' 2""",183 lbs,Bologna,Serie A,True,37,1,22000000,€22m,413565,818481,Bologna,Serie A,False,100,wikipedia;transfermarkt;sofascore
colombia_4,Colombia,K,Santiago Arias,,4,DF,1992-01-13,34,"5' 10""",168 lbs,Independiente,,False,68,0,1200000,€1.2m,120443,158583,CA Independiente,Liga Profesional de Fútbol,False,100,wikipedia;transfermarkt;sofascore
colombia_5,Colombia,K,Kevin Castaño,,5,MF,2000-09-29,25,"5' 10""",161 lbs,River Plate,,False,25,0,5000000,€5m,857948,1066915,River Plate,Liga Profesional de Fútbol,False,100,wikipedia;transfermarkt;sofascore
colombia_6,Colombia,K,Richard Ríos,,6,MF,2000-06-02,26,"6' 1""",161 lbs,Benfica,,False,32,2,25000000,€25m,735573,1015292,Benfica,Liga Portugal Betclic,False,100,wikipedia;transfermarkt;sofascore
colombia_7,Colombia,K,Luis Díaz,,7,FW,1997-01-13,29,"5' 11""",152 lbs,Bayern Munich,Bundesliga,True,74,22,70000000,€70m,480692,883537,FC Bayern München,Bundesliga,False,100,wikipedia;transfermarkt;sofascore
colombia_8,Colombia,K,Jorge Carrascal,,8,MF,1998-05-25,28,"5' 11""",163 lbs,Flamengo,,False,24,2,13000000,€13m,354145,590392,Flamengo,Brasileirão Betano,False,100,wikipedia;transfermarkt;sofascore
colombia_9,Colombia,K,Jhon Córdoba,,9,FW,1993-05-11,33,"6' 2""",185 lbs,Krasnodar,,False,21,6,10000000,€10m,185245,281253,FC Krasnodar,Russian Premier League,False,100,wikipedia;transfermarkt;sofascore
colombia_10,Colombia,K,James Rodríguez(captain),James Rodríguez,10,MF,1991-07-12,34,"5' 11""",161 lbs,Minnesota United FC,,False,126,31,,,,,,,False,50,wikipedia
colombia_11,Colombia,K,Jhon Arias,,11,MF,1997-09-21,28,"5' 6""",181 lbs,Palmeiras,,False,38,6,15000000,€15m,588989,844096,Palmeiras,Brasileirão Betano,False,100,wikipedia;transfermarkt;sofascore
colombia_12,Colombia,K,Camilo Vargas,,12,GK,1989-03-09,37,"6' 0""",192 lbs,Atlas,,False,42,0,450000,€450k,74113,125787,Atlas FC,"Liga MX, Clausura",False,100,wikipedia;transfermarkt;sofascore
colombia_13,Colombia,K,Yerry Mina,,13,DF,1994-09-23,31,"6' 5""",216 lbs,Cagliari,Serie A,True,54,8,2500000,€2.5m,289446,360396,Cagliari,Serie A,False,100,wikipedia;transfermarkt;sofascore
colombia_14,Colombia,K,Gustavo Puerta,,14,MF,2003-07-23,22,"5' 9""",152 lbs,Racing Santander,,False,6,1,10000000,€10m,936981,1174889,Real Racing Club,Primera Federación,False,100,wikipedia;transfermarkt;sofascore
colombia_15,Colombia,K,Juan Portilla,,15,MF,1998-09-12,27,"6' 0""",174 lbs,Athletico Paranaense,,False,10,0,5000000,€5m,585747,980580,Athletico,Brasileirão Betano,False,100,wikipedia;transfermarkt;sofascore
colombia_16,Colombia,K,Jefferson Lerma,,16,MF,1994-10-25,31,"5' 10""",152 lbs,Crystal Palace,Premier League,True,65,5,6000000,€6m,262980,355796,Crystal Palace,Premier League,False,100,wikipedia;transfermarkt;sofascore
colombia_17,Colombia,K,Johan Mojica,,17,DF,1992-08-21,33,"6' 1""",174 lbs,Mallorca,La Liga,True,45,1,1500000,€1.5m,262939,344847,Mallorca,LaLiga,False,100,wikipedia;transfermarkt;sofascore
colombia_18,Colombia,K,Willer Ditta,,18,DF,1998-01-23,28,"5' 11""",174 lbs,Cruz Azul,,False,5,0,5500000,€5.5m,609255,931705,Cruz Azul,"Liga MX, Clausura",False,100,wikipedia;transfermarkt;sofascore
colombia_19,Colombia,K,Cucho Hernández,,19,FW,1999-04-20,27,"5' 9""",172 lbs,Real Betis,La Liga,True,9,2,18000000,€18m,459463,887055,Real Betis,LaLiga,False,100,wikipedia;transfermarkt;sofascore
colombia_20,Colombia,K,Juan Fernando Quintero,,20,MF,1993-01-18,33,"5' 6""",157 lbs,River Plate,,False,49,6,1800000,€1.8m,122582,221162,River Plate,Liga Profesional de Fútbol,False,100,wikipedia;transfermarkt;sofascore
colombia_21,Colombia,K,Jaminton Campaz,Jáminton Campaz,21,MF,2000-05-24,26,"5' 5""",163 lbs,Rosario Central,,False,10,1,5500000,€5.5m,491553,877299,Rosario Central,Liga Profesional de Fútbol,False,100,wikipedia;transfermarkt;sofascore
colombia_22,Colombia,K,Deiver Machado,,22,DF,1993-09-02,32,"5' 11""",163 lbs,Nantes,Ligue 1,True,15,0,1800000,€1.8m,332560,822110,Nantes,Ligue 1,False,100,wikipedia;transfermarkt;sofascore
colombia_23,Colombia,K,Davinson Sánchez,,23,DF,1996-06-12,29,"6' 2""",181 lbs,Galatasaray,,False,79,4,16000000,€16m,341429,566102,Galatasaray,Trendyol Süper Lig,False,100,wikipedia;transfermarkt;sofascore
colombia_24,Colombia,K,Álvaro Montero,,24,GK,1995-03-29,31,"6' 7""",214 lbs,Vélez Sarsfield,,False,12,0,2500000,€2.5m,292985,926238,Vélez Sarsfield,Liga Profesional de Fútbol,False,100,wikipedia;transfermarkt;sofascore
colombia_25,Colombia,K,Luis Suárez,,25,FW,1997-12-02,28,"5' 11""",183 lbs,Sporting CP,,False,12,5,30000000,€30m,424784,914213,Sporting CP,Liga Portugal Betclic,False,100,wikipedia;transfermarkt;sofascore
colombia_26,Colombia,K,Andrés Gómez,,26,FW,2002-09-12,23,"5' 7""",157 lbs,Vasco da Gama,,False,8,2,11000000,€11m,957461,1160386,Vasco da Gama,Brasileirão Série B,False,100,wikipedia;transfermarkt;sofascore
croatia_1,Croatia,L,Dominik Livaković,Dominik Livakovic,1,GK,1995-01-09,31,"6' 2""",172 lbs,Dinamo Zagreb,,False,75,0,4000000,€4m,205927,190419,GNK Dinamo Zagreb,HNL,False,100,wikipedia;transfermarkt;sofascore
croatia_2,Croatia,L,Josip Stanišić,Josip Stanisic,2,DF,2000-04-02,26,"6' 1""",170 lbs,Bayern Munich,Bundesliga,True,31,0,40000000,€40m,483046,927407,FC Bayern München,Bundesliga,False,100,wikipedia;transfermarkt;sofascore
croatia_3,Croatia,L,Marin Pongračić,Marin Pongracic,3,DF,1997-09-11,28,"6' 4""",207 lbs,Fiorentina,Serie A,True,20,0,6500000,€6.5m,282144,847467,Fiorentina,Serie A,False,100,wikipedia;transfermarkt;sofascore
croatia_4,Croatia,L,Joško Gvardiol,Josko Gvardiol,4,DF,2002-01-23,24,"6' 1""",174 lbs,Manchester City,Premier League,True,48,4,70000000,€70m,475959,964994,Manchester City,Premier League,False,100,wikipedia;transfermarkt;sofascore
croatia_5,Croatia,L,Duje Ćaleta-Car,Duje Caleta-Car,5,DF,1996-09-17,29,"6' 4""",194 lbs,Real Sociedad,La Liga,True,38,1,2800000,€2.8m,238266,257091,Real Sociedad,LaLiga,False,100,wikipedia;transfermarkt;sofascore
croatia_6,Croatia,L,Josip Šutalo,Josip Sutalo,6,DF,2000-02-28,26,"6' 1""",181 lbs,Ajax,,False,33,0,12000000,€12m,371001,954836,AFC Ajax,VriendenLoterij Eredivisie,False,100,wikipedia;transfermarkt;sofascore
croatia_7,Croatia,L,Nikola Moro,,7,MF,1998-03-12,28,"6' 0""",170 lbs,Bologna,Serie A,True,10,0,7000000,€7m,316934,814882,Bologna,Serie A,False,100,wikipedia;transfermarkt;sofascore
croatia_8,Croatia,L,Mateo Kovačić,Mateo Kovacic,8,MF,1994-05-06,32,"5' 10""",172 lbs,Manchester City,Premier League,True,113,5,10000000,€10m,51471,136710,Manchester City,Premier League,False,100,wikipedia;transfermarkt;sofascore
croatia_9,Croatia,L,Andrej Kramarić,Andrej Kramaric,9,FW,1991-06-19,34,"5' 10""",161 lbs,TSG Hoffenheim,Bundesliga,True,116,36,2500000,€2.5m,46580,67647,TSG Hoffenheim,Bundesliga,False,100,wikipedia;transfermarkt;sofascore
croatia_10,Croatia,L,Luka Modrić(captain),Luka Modric,10,MF,1985-09-09,40,"5' 8""",146 lbs,Milan,Serie A,True,198,29,,,,,,,False,50,wikipedia
croatia_11,Croatia,L,Ante Budimir,,11,FW,1991-07-22,34,"6' 3""",163 lbs,Osasuna,La Liga,True,38,6,2800000,€2.8m,46413,37318,Osasuna,LaLiga,False,100,wikipedia;transfermarkt;sofascore
croatia_12,Croatia,L,Ivor Pandur,,12,GK,2000-03-25,26,"6' 1""",179 lbs,Hull City,,False,0,0,4500000,€4.5m,371013,943212,Hull City,Championship,False,95,wikipedia;transfermarkt;sofascore
croatia_13,Croatia,L,Nikola Vlašić,Nikola Vlasic,13,MF,1997-10-04,28,"5' 10""",172 lbs,Torino,Serie A,True,63,10,10000000,€10m,293200,357596,Torino,Serie A,False,100,wikipedia;transfermarkt;sofascore
croatia_14,Croatia,L,Ivan Perišić,Ivan Perisic,14,FW,1989-02-02,37,"6' 1""",174 lbs,PSV Eindhoven,,False,154,38,1200000,€1.2m,42460,38710,PSV Eindhoven,VriendenLoterij Eredivisie,False,100,wikipedia;transfermarkt;sofascore
croatia_15,Croatia,L,Mario Pašalić,Mario Pasalic,15,MF,1995-02-09,31,"6' 2""",170 lbs,Atalanta,Serie A,True,85,12,6000000,€6m,205938,190437,Atalanta,Serie A,False,100,wikipedia;transfermarkt;sofascore
croatia_16,Croatia,L,Martin Baturina,,16,MF,2003-02-16,23,"5' 8""",150 lbs,Como,Serie A,True,19,1,30000000,€30m,580451,1090019,Como,"Serie C, Girone A",False,100,wikipedia;transfermarkt;sofascore
croatia_17,Croatia,L,Petar Sučić,Petar Sucic,17,MF,2003-10-25,22,"6' 0""",168 lbs,Inter Milan,Serie A,True,17,1,40000000,€40m,668207,1091303,Inter,Serie A,False,100,wikipedia;transfermarkt;sofascore
croatia_18,Croatia,L,Kristijan Jakić,Kristijan Jakic,18,MF,1997-05-14,29,"5' 11""",168 lbs,FC Augsburg,Bundesliga,True,17,2,6000000,€6m,374954,796206,FC Augsburg,Bundesliga,False,100,wikipedia;transfermarkt;sofascore
croatia_19,Croatia,L,Toni Fruk,,19,MF,2001-03-09,25,"5' 10""",161 lbs,Rijeka,,False,7,1,9000000,€9m,432758,916183,HNK Rijeka,HNL,False,100,wikipedia;transfermarkt;sofascore
croatia_20,Croatia,L,Igor Matanović,Igor Matanovic,20,FW,2003-03-31,23,"6' 4""",196 lbs,SC Freiburg,Bundesliga,True,9,2,22000000,€22m,605268,1019321,SC Freiburg,Bundesliga,False,100,wikipedia;transfermarkt;sofascore
croatia_21,Croatia,L,Luka Sučić,Luka Sucic,21,MF,2002-09-08,23,"6' 1""",172 lbs,Real Sociedad,La Liga,True,21,1,10000000,€10m,502722,949156,Real Sociedad,LaLiga,False,100,wikipedia;transfermarkt;sofascore
croatia_22,Croatia,L,Luka Vušković,Luka Vuskovic,22,DF,2007-02-24,19,"6' 4""",190 lbs,Hamburger SV,,False,5,1,60000000,€60m,892160,1405212,Hamburger SV,2. Bundesliga,False,100,wikipedia;transfermarkt;sofascore
croatia_23,Croatia,L,Dominik Kotarski,,23,GK,2000-02-10,26,"6' 3""",174 lbs,Copenhagen,,False,4,0,5000000,€5m,370997,835678,FC København,Danish Superliga,False,100,wikipedia;transfermarkt;sofascore
croatia_24,Croatia,L,Marco Pašalić,Marco Pasalic,24,FW,2000-09-14,25,"5' 10""",161 lbs,Orlando City SC,,False,15,1,6500000,€6.5m,395928,1066802,Orlando City SC,MLS,False,100,wikipedia;transfermarkt;sofascore
croatia_25,Croatia,L,Martin Erlić,Martin Erlic,25,DF,1998-01-24,28,"6' 4""",172 lbs,Midtjylland,,False,13,1,4000000,€4m,357003,789234,FC Midtjylland,Danish Superliga,False,100,wikipedia;transfermarkt;sofascore
croatia_26,Croatia,L,Petar Musa,,26,FW,1998-03-04,28,"6' 3""",183 lbs,FC Dallas,,False,11,1,12000000,€12m,387110,827668,FC Dallas,MLS,False,100,wikipedia;transfermarkt;sofascore
curacao_1,Curaçao,E,Eloy Room,,1,GK,1989-02-06,37,,,Miami FC,,False,71,0,150000,€150k,79294,40859,Miami FC,USL Championship,False,100,wikipedia;transfermarkt;sofascore
curacao_2,Curaçao,E,Shurandy Sambo,,2,DF,2001-08-19,24,,,Sparta Rotterdam,,False,8,0,1300000,€1.3m,412937,916926,Sparta Rotterdam,VriendenLoterij Eredivisie,False,100,wikipedia;transfermarkt;sofascore
curacao_3,Curaçao,E,Juriën Gaari,,3,DF,1993-12-23,32,,,Abha,,True,60,1,350000,€350k,328455,884944,Abha,Saudi Pro League,False,100,wikipedia;transfermarkt;sofascore
curacao_4,Curaçao,E,Roshon van Eijma,,4,DF,1998-06-09,28,,,RKC Waalwijk,,False,28,1,375000,€375k,401029,925930,RKC Waalwijk,VriendenLoterij Eredivisie,False,100,wikipedia;transfermarkt;sofascore
curacao_5,Curaçao,E,Sherel Floranus,,5,DF,1998-08-23,27,,,PEC Zwolle,,False,28,0,800000,€800k,315211,803021,PEC Zwolle,VriendenLoterij Eredivisie,False,100,wikipedia;transfermarkt;sofascore
curacao_6,Curaçao,E,Godfried Roemeratoe,,6,MF,1999-08-19,26,,,RKC Waalwijk,,False,28,1,350000,€350k,393241,825849,RKC Waalwijk,VriendenLoterij Eredivisie,False,100,wikipedia;transfermarkt;sofascore
curacao_7,Curaçao,E,Juninho Bacuna,,7,MF,1997-08-07,28,,,Volendam,,False,49,15,1700000,€1.7m,348863,788971,FC Volendam,Eerste Divisie,False,100,wikipedia;transfermarkt;sofascore
curacao_8,Curaçao,E,Livano Comenencia,,8,MF,2004-02-03,22,,,Zürich,,False,20,2,500000,€500k,626764,1136642,FC Zürich,Swiss Super League,False,100,wikipedia;transfermarkt;sofascore
curacao_9,Curaçao,E,Jürgen Locadia,,9,FW,1993-11-07,32,,,Miami FC,,False,13,1,200000,€200k,166240,97409,Miami FC,USL Championship,False,100,wikipedia;transfermarkt;sofascore
curacao_10,Curaçao,E,Leandro Bacuna(captain),,10,MF,1991-08-21,34,,,Iğdır,,False,72,16,,,,,,,False,50,wikipedia
curacao_11,Curaçao,E,Jeremy Antonisse,,11,FW,2002-03-29,24,,,Kifisia,,False,27,4,800000,€800k,594273,1092638,AE Kifisia,Cup of 3rd League,False,100,wikipedia;transfermarkt;sofascore
curacao_12,Curaçao,E,Sontje Hansen,,12,FW,2002-05-18,24,,,Middlesbrough,,False,6,1,3500000,€3.5m,485582,1199057,Middlesbrough,Championship,False,100,wikipedia;transfermarkt;sofascore
curacao_13,Curaçao,E,Tyrese Noslin,,13,FW,2002-09-11,23,,,Telstar,,False,7,1,750000,€750k,708005,1469336,SC Telstar,Eerste Divisie,False,100,wikipedia;transfermarkt;sofascore
curacao_14,Curaçao,E,Kenji Gorré,,14,FW,1994-09-29,31,,,Maccabi Haifa,,False,38,6,600000,€600k,374889,796142,Maccabi Haifa,Israeli Premier League,False,100,wikipedia;transfermarkt;sofascore
curacao_15,Curaçao,E,Ar'jany Martha,,15,MF,2003-09-04,22,,,Rotherham United,,False,9,2,700000,€700k,572519,1004277,Rotherham United,League One,False,100,wikipedia;transfermarkt;sofascore
curacao_16,Curaçao,E,Jearl Margaritha,,16,FW,2000-04-10,26,,,Beveren,,False,22,5,1000000,€1m,538958,1036004,SK Beveren,Challenger Pro League,False,100,wikipedia;transfermarkt;sofascore
curacao_17,Curaçao,E,Brandley Kuwas,,17,FW,1992-09-19,33,,,Volendam,,False,35,2,250000,€250k,232219,252885,FC Volendam,Eerste Divisie,False,100,wikipedia;transfermarkt;sofascore
curacao_18,Curaçao,E,Armando Obispo,,18,DF,1999-03-05,27,,,PSV Eindhoven,,False,6,0,4000000,€4m,339337,825838,PSV Eindhoven,VriendenLoterij Eredivisie,False,100,wikipedia;transfermarkt;sofascore
curacao_19,Curaçao,E,Gervane Kastaneer,,19,FW,1996-06-09,30,,,Terengganu,,False,29,9,225000,€225k,240752,798178,Terengganu,Malaysia Super League,False,100,wikipedia;transfermarkt;sofascore
curacao_20,Curaçao,E,Joshua Brenet,,20,DF,1994-03-20,32,,,Kayserispor,,False,18,2,1000000,€1m,207006,296438,Kayserispor,Trendyol Süper Lig,False,100,wikipedia;transfermarkt;sofascore
curacao_21,Curaçao,E,Tahith Chong,,21,MF,1999-12-04,26,,,Sheffield United,,False,6,3,3500000,€3.5m,344830,825845,Sheffield United,Championship,False,100,wikipedia;transfermarkt;sofascore
curacao_22,Curaçao,E,Kevin Felida,,22,MF,1999-11-11,26,,,Den Bosch,,False,19,1,400000,€400k,433933,896215,FC Den Bosch,Eerste Divisie,False,100,wikipedia;transfermarkt;sofascore
curacao_23,Curaçao,E,Riechedly Bazoer,,23,DF,1996-10-12,29,,,Konyaspor,,False,5,0,1500000,€1.5m,216443,227196,Konyaspor,Trendyol Süper Lig,False,100,wikipedia;transfermarkt;sofascore
curacao_24,Curaçao,E,Deveron Fonville,,24,DF,2003-05-16,23,,,NEC,,False,2,0,1500000,€1.5m,708989,1177177,NEC Nijmegen,VriendenLoterij Eredivisie,False,100,wikipedia;transfermarkt;sofascore
curacao_25,Curaçao,E,Tyrick Bodak,,25,GK,2002-05-15,24,,,Telstar,,False,4,0,25000,€25k,663961,1049270,SC Telstar,Eerste Divisie,False,100,wikipedia;transfermarkt;sofascore
curacao_26,Curaçao,E,Trevor Doornbusch,,26,GK,1999-07-06,26,,,VVV-Venlo,,False,8,0,50000,€50k,390814,895013,VVV-Venlo,Eerste Divisie,False,100,wikipedia;transfermarkt;sofascore
czechia_1,Czechia,A,Matěj Kovář,Matej Kovár,1,GK,2000-05-17,26,"6' 5""",183 lbs,PSV Eindhoven,,False,20,0,8000000,€8m,550829,927366,PSV Eindhoven,VriendenLoterij Eredivisie,False,100,wikipedia;transfermarkt;sofascore
czechia_2,Czechia,A,David Zima,,2,DF,2000-11-08,25,"6' 3""",174 lbs,Slavia Prague,,False,25,1,7000000,€7m,544149,963084,SK Slavia Praha,Czech First League,False,100,wikipedia;transfermarkt;sofascore
czechia_3,Czechia,A,Tomáš Holeš,Tomás Holes,3,DF,1993-03-31,33,"5' 11""",161 lbs,Slavia Prague,,False,41,2,1000000,€1m,216278,151440,SK Slavia Praha,Czech First League,False,100,wikipedia;transfermarkt;sofascore
czechia_4,Czechia,A,Robin Hranáč,Robin Hranác,4,DF,2000-01-29,26,"6' 3""",181 lbs,TSG Hoffenheim,Bundesliga,True,14,1,10000000,€10m,620217,957615,TSG Hoffenheim,Bundesliga,False,100,wikipedia;transfermarkt;sofascore
czechia_5,Czechia,A,Vladimír Coufal,,5,DF,1992-08-22,33,"5' 9""",168 lbs,TSG Hoffenheim,Bundesliga,True,62,2,2500000,€2.5m,157672,138024,TSG Hoffenheim,Bundesliga,False,100,wikipedia;transfermarkt;sofascore
czechia_6,Czechia,A,Štěpán Chaloupek,Stepán Chaloupek,6,DF,2003-03-08,23,"6' 2""",150 lbs,Slavia Prague,,False,5,0,10000000,€10m,944827,1144329,SK Slavia Praha,Czech First League,False,100,wikipedia;transfermarkt;sofascore
czechia_7,Czechia,A,Ladislav Krejčí(captain),Ladislav Krejcí,7,DF,1999-04-20,27,"6' 3""",192 lbs,Wolverhampton Wanderers,Premier League,True,27,5,,,,,,,False,50,wikipedia
czechia_8,Czechia,A,Vladimír Darida,,8,MF,1990-08-08,35,"5' 8""",141 lbs,Hradec Králové,,False,79,8,375000,€375k,179643,109002,FC Hradec Králové,Czech First League,False,100,wikipedia;transfermarkt;sofascore
czechia_9,Czechia,A,Adam Hložek,Adam Hlozek,9,FW,2002-07-25,23,"6' 2""",183 lbs,TSG Hoffenheim,Bundesliga,True,43,5,10000000,€10m,552057,963801,TSG Hoffenheim,Bundesliga,False,100,wikipedia;transfermarkt;sofascore
czechia_10,Czechia,A,Patrik Schick,,10,FW,1996-01-24,30,"6' 3""",190 lbs,Bayer Leverkusen,Bundesliga,True,53,26,18000000,€18m,242086,280609,Bayer 04 Leverkusen,Bundesliga,False,100,wikipedia;transfermarkt;sofascore
czechia_11,Czechia,A,Jan Kuchta,,11,FW,1997-01-08,29,"6' 1""",190 lbs,Sparta Prague,,False,31,3,2700000,€2.7m,334802,824139,AC Sparta Praha,Czech First League,False,100,wikipedia;transfermarkt;sofascore
czechia_12,Czechia,A,Lukáš Červ,Lukás Cerv,12,MF,2001-04-10,25,"6' 0""",159 lbs,Viktoria Plzeň,,False,17,2,6000000,€6m,611049,952114,FC Viktoria Plzeň,Czech First League,False,100,wikipedia;transfermarkt;sofascore
czechia_13,Czechia,A,Mojmír Chytil,,13,FW,1999-04-29,27,"6' 2""",181 lbs,Slavia Prague,,False,22,6,4000000,€4m,405855,826049,SK Slavia Praha,Czech First League,False,100,wikipedia;transfermarkt;sofascore
czechia_14,Czechia,A,David Jurásek,,14,DF,2000-08-07,25,"6' 0""",170 lbs,Slavia Prague,,False,18,1,5000000,€5m,500054,1030711,SK Slavia Praha,Czech First League,False,100,wikipedia;transfermarkt;sofascore
czechia_15,Czechia,A,Pavel Šulc,Pavel Sulc,15,MF,2000-12-29,25,"5' 10""",163 lbs,Lyon,Ligue 1,True,21,5,20000000,€20m,500053,957604,Olympique Lyonnais,Ligue 1,False,100,wikipedia;transfermarkt;sofascore
czechia_16,Czechia,A,Jindřich Staněk,Jindrich Stanek,16,GK,1996-04-27,30,"6' 4""",196 lbs,Slavia Prague,,False,14,0,2000000,€2m,242089,280601,SK Slavia Praha,Czech First League,False,100,wikipedia;transfermarkt;sofascore
czechia_17,Czechia,A,Lukáš Provod,Lukás Provod,17,MF,1996-10-23,29,"6' 3""",185 lbs,Slavia Prague,,False,38,3,8000000,€8m,292779,846122,SK Slavia Praha,Czech First League,False,100,wikipedia;transfermarkt;sofascore
czechia_18,Czechia,A,Michal Sadílek,,18,MF,1999-05-31,27,"5' 7""",141 lbs,Slavia Prague,,False,35,1,8000000,€8m,321204,825731,SK Slavia Praha,Czech First League,False,100,wikipedia;transfermarkt;sofascore
czechia_19,Czechia,A,Tomáš Chorý,Tomás Chorý,19,FW,1995-01-26,31,"6' 6""",218 lbs,Slavia Prague,,False,22,7,2700000,€2.7m,198614,188307,SK Slavia Praha,Czech First League,False,100,wikipedia;transfermarkt;sofascore
czechia_20,Czechia,A,Jaroslav Zelený,,20,DF,1992-08-20,33,"6' 3""",179 lbs,Sparta Prague,,False,23,0,600000,€600k,142219,118204,AC Sparta Praha,Czech First League,False,100,wikipedia;transfermarkt;sofascore
czechia_21,Czechia,A,David Douděra,David Doudera,21,MF,1998-05-31,28,"5' 9""",146 lbs,Slavia Prague,,False,17,2,3500000,€3.5m,493758,891442,SK Slavia Praha,Czech First League,False,100,wikipedia;transfermarkt;sofascore
czechia_22,Czechia,A,Tomáš Souček,Tomás Soucek,22,MF,1995-02-27,31,"6' 4""",190 lbs,West Ham United,Premier League,True,90,17,10000000,€10m,283628,799041,West Ham United,Premier League,False,100,wikipedia;transfermarkt;sofascore
czechia_23,Czechia,A,Lukáš Horníček,Lukás Hornícek,23,GK,2002-07-13,23,"6' 6""",203 lbs,Braga,,False,1,0,18000000,€18m,629773,963744,Sporting Braga,Liga Portugal Betclic,False,100,wikipedia;transfermarkt;sofascore
czechia_24,Czechia,A,Alexandr Sojka,,24,MF,2003-04-02,23,"6' 2""",170 lbs,Viktoria Plzeň,,False,2,0,2300000,€2.3m,826103,1403491,FC Viktoria Plzeň,Czech First League,False,100,wikipedia;transfermarkt;sofascore
czechia_25,Czechia,A,Hugo Sochůrek,Hugo Sochurek,25,MF,2008-06-07,18,"6' 0""",172 lbs,Sparta Prague,,False,1,0,3500000,€3.5m,1206877,1931626,AC Sparta Praha,Czech First League,False,100,wikipedia;transfermarkt;sofascore
czechia_26,Czechia,A,Denis Višinský,Denis Visinský,26,MF,2003-03-21,23,"5' 10""",163 lbs,Viktoria Plzeň,,False,2,1,3000000,€3m,652060,1088727,FC Viktoria Plzeň,Czech First League,False,100,wikipedia;transfermarkt;sofascore
dr-congo_1,DR Congo,K,Lionel Mpasi,,1,GK,1994-08-01,31,"6' 0""",161 lbs,Le Havre,Ligue 1,True,28,0,,,,,,,False,50,wikipedia
dr-congo_2,DR Congo,K,Aaron Wan-Bissaka,,2,DF,1997-11-26,28,"6' 0""",159 lbs,West Ham United,Premier League,True,11,0,15000000,€15m,477758,863653,West Ham United,Premier League,False,100,wikipedia;transfermarkt;sofascore
dr-congo_3,DR Congo,K,Steve Kapuadi,,3,DF,1998-04-30,28,"6' 5""",192 lbs,Widzew Łódź,,False,4,0,2500000,€2.5m,679709,1019957,Widzew Łódź,Betclic 1. Liga,False,100,wikipedia;transfermarkt;sofascore
dr-congo_4,DR Congo,K,Axel Tuanzebe,,4,DF,1997-11-14,28,"6' 1""",163 lbs,Burnley,,True,13,1,5000000,€5m,342046,817979,Burnley,Premier League,False,100,wikipedia;transfermarkt;sofascore
dr-congo_5,DR Congo,K,Dylan Batubinsika,,5,DF,1996-02-15,30,"6' 1""",183 lbs,AEL,,False,14,1,600000,€600k,289432,352912,AEL Novibet,Greek Football Cup,False,100,wikipedia;transfermarkt;sofascore
dr-congo_6,DR Congo,K,Ngal'ayel Mukau,,6,MF,2004-11-03,21,"6' 1""",172 lbs,Lille,Ligue 1,True,13,0,15000000,€15m,1016015,1391541,Lille,Ligue 1,False,100,wikipedia;transfermarkt;sofascore
dr-congo_7,DR Congo,K,Nathanaël Mbuku,,7,FW,2002-03-16,24,"5' 7""",152 lbs,Montpellier,Ligue 1,True,18,2,2000000,€2m,557614,963399,Montpellier,Ligue 1,False,100,wikipedia;transfermarkt;sofascore
dr-congo_8,DR Congo,K,Samuel Moutoussamy,,8,MF,1996-08-12,29,"5' 9""",159 lbs,Atromitos,,False,57,0,1200000,€1.2m,353403,892624,APS Atromitos Athinon,Greek Football Cup,False,100,wikipedia;transfermarkt;sofascore
dr-congo_9,DR Congo,K,Brian Cipenga,,9,FW,1998-03-11,28,"5' 8""",148 lbs,Castellón,,False,7,0,2000000,€2m,700565,1160969,CD Castellón,Primera Federación,False,100,wikipedia;transfermarkt;sofascore
dr-congo_10,DR Congo,K,Théo Bongonda,,10,MF,1995-11-20,30,"5' 9""",139 lbs,Spartak Moscow,,False,37,7,3000000,€3m,280701,344953,FC Spartak Moscow,Russian Premier League,False,100,wikipedia;transfermarkt;sofascore
dr-congo_11,DR Congo,K,Gaël Kakuta,,11,MF,1991-06-21,34,"5' 9""",150 lbs,AEL,,False,30,5,250000,€250k,74297,46387,AEL Novibet,Greek Football Cup,False,100,wikipedia;transfermarkt;sofascore
dr-congo_12,DR Congo,K,Joris Kayembe,,12,DF,1994-08-08,31,"5' 11""",161 lbs,Genk,,False,25,0,2000000,€2m,129586,354046,KRC Genk,Pro League,False,100,wikipedia;transfermarkt;sofascore
dr-congo_13,DR Congo,K,Meschak Elia,Meschack Elia,13,FW,1997-08-06,28,"5' 8""",148 lbs,Alanyaspor,,False,68,12,1500000,€1.5m,423678,862078,Alanyaspor,Trendyol Süper Lig,False,100,wikipedia;transfermarkt;sofascore
dr-congo_14,DR Congo,K,Noah Sadiki,,14,MF,2004-12-17,21,"5' 8""",161 lbs,Sunderland,,False,19,0,35000000,€35m,727089,1171539,Sunderland,League One,False,100,wikipedia;transfermarkt;sofascore
dr-congo_15,DR Congo,K,Aaron Tshibola,,15,MF,1995-01-02,31,"6' 3""",161 lbs,Kilmarnock,,False,16,1,150000,€150k,243633,353602,Kilmarnock,Scottish Championship,False,100,wikipedia;transfermarkt;sofascore
dr-congo_16,DR Congo,K,Timothy Fayulu,,16,GK,1999-07-24,26,"6' 4""",183 lbs,Noah,,False,3,0,800000,€800k,541420,927616,FC Noah,Armenian Premier League,False,100,wikipedia;transfermarkt;sofascore
dr-congo_17,DR Congo,K,Cédric Bakambu,,17,FW,1991-04-11,35,"6' 0""",161 lbs,Real Betis,La Liga,True,69,21,1200000,€1.2m,127048,115665,Real Betis,LaLiga,False,100,wikipedia;transfermarkt;sofascore
dr-congo_18,DR Congo,K,Charles Pickel,,18,MF,1997-05-15,29,"6' 2""",172 lbs,Espanyol,La Liga,True,34,1,2500000,€2.5m,243879,758664,Espanyol,LaLiga,False,100,wikipedia;transfermarkt;sofascore
dr-congo_19,DR Congo,K,Fiston Mayele,,19,FW,1994-06-24,31,"6' 1""",185 lbs,Pyramids,,False,37,6,1800000,€1.8m,727157,1007556,Pyramids FC,Egyptian Premier League,False,100,wikipedia;transfermarkt;sofascore
dr-congo_20,DR Congo,K,Yoane Wissa,,20,FW,1996-09-03,29,"5' 9""",163 lbs,Newcastle United,Premier League,True,37,9,25000000,€25m,388165,805123,Newcastle United,Premier League,False,100,wikipedia;transfermarkt;sofascore
dr-congo_21,DR Congo,K,Matthieu Epolo,,21,GK,2005-01-15,21,"6' 0""",163 lbs,Standard Liège,,False,1,0,8000000,€8m,680218,1121943,Standard Liège,Pro League,False,100,wikipedia;transfermarkt;sofascore
dr-congo_22,DR Congo,K,Chancel Mbemba(captain),Chancel Mbemba,22,DF,1994-08-08,31,"6' 0""",179 lbs,Lille,Ligue 1,True,108,7,,,,,,,False,50,wikipedia
dr-congo_23,DR Congo,K,Simon Banza,,23,FW,1996-08-13,29,"6' 2""",170 lbs,Al Jazira,,False,15,2,10000000,€10m,344869,825945,Al-Jazira,UAE Pro League,False,100,wikipedia;transfermarkt;sofascore
dr-congo_24,DR Congo,K,Gédéon Kalulu,,24,DF,1997-08-29,28,"5' 10""",159 lbs,Aris Limassol,,False,28,0,1000000,€1m,395685,991200,Aris Limassol,Cypriot 2nd Division,False,100,wikipedia;transfermarkt;sofascore
dr-congo_25,DR Congo,K,Edo Kayembe,,25,MF,1998-06-03,28,"6' 0""",170 lbs,Watford,,False,42,2,4000000,€4m,486477,917305,Watford,Premier League,False,100,wikipedia;transfermarkt;sofascore
dr-congo_26,DR Congo,K,Arthur Masuaku,,26,DF,1993-11-07,32,"5' 10""",152 lbs,Lens,Ligue 1,True,45,4,2000000,€2m,181380,174975,RC Lens,Ligue 1,False,100,wikipedia;transfermarkt;sofascore
ecuador_1,Ecuador,E,Hernán Galíndez,,1,GK,1987-03-30,39,"6' 2""",183 lbs,Huracán,,False,35,0,,,,588618,Huracán,Liga Profesional de Fútbol,False,75,wikipedia;sofascore
ecuador_2,Ecuador,E,Félix Torres,,2,DF,1997-01-11,29,"6' 2""",172 lbs,Internacional,,False,49,5,,,,881848,Internacional,Brasileirão Betano,False,75,wikipedia;sofascore
ecuador_3,Ecuador,E,Piero Hincapié,,3,DF,2002-01-09,24,"6' 0""",170 lbs,Arsenal,Premier League,True,52,3,,,,1002837,Arsenal,Premier League,False,75,wikipedia;sofascore
ecuador_4,Ecuador,E,Joel Ordóñez,,4,DF,2004-04-21,22,"6' 2""",168 lbs,Club Brugge,,False,17,0,,,,1187275,Club Brugge KV,Pro League,False,75,wikipedia;sofascore
ecuador_5,Ecuador,E,Jordy Alcívar,,5,MF,1999-08-05,26,"5' 6""",157 lbs,Independiente del Valle,,False,11,1,,,,925740,Independiente del Valle,LigaPro Serie A,False,75,wikipedia;sofascore
ecuador_6,Ecuador,E,Willian Pacho,,6,DF,2001-10-16,24,"6' 2""",179 lbs,Paris Saint-Germain,Ligue 1,True,34,2,,,,979480,Paris Saint-Germain,Ligue 1,False,75,wikipedia;sofascore
ecuador_7,Ecuador,E,Pervis Estupiñán,,7,DF,1998-01-21,28,"5' 9""",161 lbs,Milan,Serie A,True,54,5,,,,805465,AC Milan,Serie A,False,75,wikipedia;sofascore
ecuador_8,Ecuador,E,Anthony Valencia,,8,FW,2003-07-21,22,"5' 8""",150 lbs,Antwerp,,False,3,1,,,,1020197,Royal Antwerp FC,Pro League,False,75,wikipedia;sofascore
ecuador_9,Ecuador,E,John Yeboah,,9,FW,2000-06-23,25,"5' 7""",146 lbs,Venezia,Serie A,True,23,3,,,,879802,Venezia,Serie A,False,75,wikipedia;sofascore
ecuador_10,Ecuador,E,Kendry Páez,,10,MF,2007-05-04,19,"5' 10""",157 lbs,River Plate,,False,26,2,,,,1464025,River Plate,Liga Profesional de Fútbol,False,75,wikipedia;sofascore
ecuador_11,Ecuador,E,Kevin Rodríguez,,11,FW,2000-03-04,26,"6' 3""",183 lbs,Union Saint-Gilloise,,False,31,2,,,,1431770,Royale Union Saint-Gilloise,Pro League,False,75,wikipedia;sofascore
ecuador_12,Ecuador,E,Moisés Ramírez,,12,GK,2000-09-09,25,"6' 1""",181 lbs,Kifisia,,False,7,0,,,,923237,AE Kifisia,Cup of 3rd League,False,75,wikipedia;sofascore
ecuador_13,Ecuador,E,Enner Valencia(captain),Enner Valencia,13,FW,1989-11-04,36,"5' 10""",161 lbs,Pachuca,,False,105,49,,,,,,,False,50,wikipedia
ecuador_14,Ecuador,E,Alan Minda,,14,FW,2003-05-14,23,"5' 9""",132 lbs,Atlético Mineiro,,False,20,2,,,,1122552,Atlético Mineiro,Brasileirão Betano,False,75,wikipedia;sofascore
ecuador_15,Ecuador,E,Pedro Vite,,15,MF,2002-03-09,24,"5' 8""",150 lbs,UNAM,,False,17,1,,,,1002524,Pumas UNAM,"Liga MX, Apertura",False,75,wikipedia;sofascore
ecuador_16,Ecuador,E,Jordy Caicedo,,16,FW,1997-11-18,28,"6' 1""",181 lbs,Huracán,,False,20,4,,,,804770,Huracán,Liga Profesional de Fútbol,False,75,wikipedia;sofascore
ecuador_17,Ecuador,E,Ángelo Preciado,,17,DF,1998-02-18,28,"5' 9""",161 lbs,Atlético Mineiro,,False,55,0,,,,881844,Atlético Mineiro,Brasileirão Betano,False,75,wikipedia;sofascore
ecuador_18,Ecuador,E,Denil Castillo,,18,MF,2004-03-24,22,"6' 2""",168 lbs,Midtjylland,,False,5,0,,,,1145126,FC Midtjylland,Danish Superliga,False,75,wikipedia;sofascore
ecuador_19,Ecuador,E,Gonzalo Plata,,19,FW,2000-11-01,25,"5' 10""",168 lbs,Flamengo,,False,50,8,,,,937937,Flamengo,Brasileirão Betano,False,75,wikipedia;sofascore
ecuador_20,Ecuador,E,Nilson Angulo,,20,FW,2003-06-19,22,"6' 0""",150 lbs,Sunderland,,False,14,2,,,,1116571,Sunderland,League One,False,75,wikipedia;sofascore
ecuador_21,Ecuador,E,Alan Franco,,21,MF,1998-08-21,27,"5' 9""",168 lbs,Atlético Mineiro,,False,58,1,,,,822729,Atlético Mineiro,Brasileirão Betano,False,75,wikipedia;sofascore
ecuador_22,Ecuador,E,Gonzalo Valle,,22,GK,1996-02-28,30,"6' 1""",190 lbs,LDU Quito,,False,4,0,,,,925484,LDU,LigaPro Serie A,False,75,wikipedia;sofascore
ecuador_23,Ecuador,E,Moisés Caicedo,,23,MF,2001-11-02,24,"5' 10""",161 lbs,Chelsea,Premier League,True,61,3,,,,987650,Chelsea,Premier League,False,75,wikipedia;sofascore
ecuador_24,Ecuador,E,Jeremy Arévalo,,24,FW,2005-03-19,21,"6' 0""",192 lbs,VfB Stuttgart,Bundesliga,True,4,0,,,,1464642,VfB Stuttgart II U21,Regionalliga Südwest,False,75,wikipedia;sofascore
ecuador_25,Ecuador,E,Jackson Porozo,,25,DF,2000-08-04,25,"6' 4""",190 lbs,Tijuana,,False,10,1,,,,978518,Club Tijuana,"Liga MX, Apertura",False,75,wikipedia;sofascore
ecuador_26,Ecuador,E,Yaimar Medina,,26,DF,2004-11-05,21,"5' 10""",174 lbs,Genk,,False,6,0,,,,1106546,KRC Genk,Pro League,False,75,wikipedia;sofascore
egypt_1,Egypt,G,Mohamed El Shenawy,,1,GK,1988-12-18,37,"6' 3""",196 lbs,Al Ahly,,False,76,0,500000,€500k,134573,871735,Al Ahly FC,Egyptian Premier League,False,100,wikipedia;transfermarkt;sofascore
egypt_2,Egypt,G,Yasser Ibrahim,,2,DF,1993-02-10,33,"6' 1""",181 lbs,Al Ahly,,False,17,1,275000,€275k,237425,333441,Al Ahly FC,Egyptian Premier League,False,100,wikipedia;transfermarkt;sofascore
egypt_3,Egypt,G,Mohamed Hany,,3,DF,1996-02-02,30,"6' 0""",163 lbs,Al Ahly,,False,42,0,1500000,€1.5m,343974,826545,Al Ahly FC,Egyptian Premier League,False,100,wikipedia;transfermarkt;sofascore
egypt_4,Egypt,G,Hossam Abdelmaguid,,4,DF,2001-04-30,25,"6' 4""",185 lbs,Zamalek,,False,13,0,2000000,€2m,737524,1063327,Zamalek SC,Egyptian Premier League,False,100,wikipedia;transfermarkt;sofascore
egypt_5,Egypt,G,Ramy Rabia,,5,DF,1993-05-20,33,"6' 0""",170 lbs,Al Ain,,False,44,5,600000,€600k,172623,295339,Al-Ain,UAE Pro League,False,100,wikipedia;transfermarkt;sofascore
egypt_6,Egypt,G,Mohamed Abdelmonem,Mohamed Abdelmoneim,6,DF,1999-02-01,27,,,Nice,Ligue 1,True,36,3,2500000,€2.5m,566025,926506,Nice,Ligue 1,False,100,wikipedia;transfermarkt;sofascore
egypt_7,Egypt,G,Trézéguet,,7,FW,1994-10-01,31,"5' 11""",170 lbs,Al Ahly,,False,96,23,4500000,€4.5m,234189,295361,Al Ahly FC,Egyptian Premier League,False,100,wikipedia;transfermarkt;sofascore
egypt_8,Egypt,G,Emam Ashour,,8,MF,1998-02-20,28,"5' 11""",170 lbs,Al Ahly,,False,29,0,4000000,€4m,604008,967032,Al Ahly FC,Egyptian Premier League,False,100,wikipedia;transfermarkt;sofascore
egypt_9,Egypt,G,Hamza Abdelkarim,,9,FW,2008-01-01,18,"6' 0""",168 lbs,Barcelona B,,False,2,0,1500000,€1.5m,1259085,1961596,Barcelona U19,UEFA Youth League,False,100,wikipedia;transfermarkt;sofascore
egypt_10,Egypt,G,Mohamed Salah(captain),Mohamed Salah,10,FW,1992-06-15,33,"5' 9""",172 lbs,Liverpool,Premier League,True,116,67,,,,,,,False,50,wikipedia
egypt_11,Egypt,G,Mostafa Ziko,Mostafa Zico,11,GK,1997-04-27,29,"5' 10""",161 lbs,Pyramids,,False,2,2,1800000,€1.8m,896616,1418782,Pyramids FC,Egyptian Premier League,False,100,wikipedia;transfermarkt;sofascore
egypt_12,Egypt,G,Haissem Hassan,,12,FW,2002-02-08,24,"5' 9""",174 lbs,Oviedo,,False,4,0,3500000,€3.5m,620164,942836,Real Oviedo,LaLiga 2,False,100,wikipedia;transfermarkt;sofascore
egypt_13,Egypt,G,Ahmed Fatouh,,13,DF,1998-03-22,28,"5' 10""",152 lbs,Zamalek,,False,39,1,1000000,€1m,465966,880622,Zamalek SC,Egyptian Premier League,False,100,wikipedia;transfermarkt;sofascore
egypt_14,Egypt,G,Hamdy Fathy,,14,MF,1994-09-29,31,"5' 11""",174 lbs,Al-Wakrah,,False,63,3,1800000,€1.8m,340303,918913,Al-Wakrah,Stars League,False,100,wikipedia;transfermarkt;sofascore
egypt_15,Egypt,G,Karim Hafez,,15,DF,1996-03-12,30,"5' 9""",161 lbs,Pyramids,,False,9,0,700000,€700k,333004,577736,Pyramids FC,Egyptian Premier League,False,100,wikipedia;transfermarkt;sofascore
egypt_16,Egypt,G,El Mahdy Soliman,Mahdy Soliman,16,GK,1987-06-08,39,"6' 2""",196 lbs,Zamalek,,False,0,0,150000,€150k,104951,918547,Zamalek SC,Egyptian Premier League,False,95,wikipedia;transfermarkt;sofascore
egypt_17,Egypt,G,Mohanad Lasheen,Mohanad Lashin,17,MF,1996-05-29,30,"6' 1""",185 lbs,Pyramids,,False,23,0,3000000,€3m,479682,918506,Pyramids FC,Egyptian Premier League,False,100,wikipedia;transfermarkt;sofascore
egypt_18,Egypt,G,Nabil Emad,Nabil Donga,18,MF,1996-04-06,30,"5' 10""",161 lbs,Al-Najma,,False,12,0,,,,,,,False,50,wikipedia
egypt_19,Egypt,G,Marwan Attia,Marawan Attia,19,MF,1998-08-01,27,"5' 9""",174 lbs,Al Ahly,,False,34,1,,,,1013699,Al Ahly FC,Egyptian Premier League,False,75,wikipedia;sofascore
egypt_20,Egypt,G,Ibrahim Adel,,20,FW,2001-04-23,25,"5' 10""",152 lbs,Nordsjælland,,False,24,3,2500000,€2.5m,677278,1008171,FC Nordsjælland,Danish Superliga,False,100,wikipedia;transfermarkt;sofascore
egypt_21,Egypt,G,Mahmoud Saber,,21,MF,2001-07-30,24,"5' 7""",163 lbs,ZED,,False,15,1,1500000,€1.5m,729390,1101624,ZED FC,Egyptian Premier League,False,100,wikipedia;transfermarkt;sofascore
egypt_22,Egypt,G,Omar Marmoush,,22,FW,1999-02-07,27,"5' 11""",174 lbs,Manchester City,Premier League,True,49,11,50000000,€50m,445939,873554,Manchester City,Premier League,False,100,wikipedia;transfermarkt;sofascore
egypt_23,Egypt,G,Mostafa Shobeir,Mostafa Shoubir,23,GK,2000-05-15,26,,,Al Ahly,,False,9,0,1200000,€1.2m,661455,1048378,Al Ahly FC,Egyptian Premier League,False,100,wikipedia;transfermarkt;sofascore
egypt_24,Egypt,G,Tarek Alaa,,24,DF,2002-01-05,24,"5' 10""",141 lbs,ZED,,False,3,0,250000,€250k,1087789,1480544,ZED FC,Egyptian Premier League,False,100,wikipedia;transfermarkt;sofascore
egypt_25,Egypt,G,Zizo,,25,FW,1996-01-10,30,"5' 9""",168 lbs,Al Ahly,,False,63,5,3500000,€3.5m,320722,547494,Al Ahly FC,Egyptian Premier League,False,100,wikipedia;transfermarkt;sofascore
egypt_26,Egypt,G,Mohamed Alaa,,26,GK,1999-01-01,27,"6' 2""",168 lbs,El Gouna,,False,0,0,1200000,€1.2m,1307898,1980828,El Gouna FC,Egyptian Premier League,False,95,wikipedia;transfermarkt;sofascore
england_1,England,L,Jordan Pickford,,1,GK,1994-03-07,32,"6' 1""",170 lbs,Everton,Premier League,True,83,0,13000000,€13m,130164,138530,Everton,Premier League,False,100,wikipedia;transfermarkt;sofascore
england_2,England,L,Ezri Konsa,,2,DF,1997-10-23,28,"6' 0""",168 lbs,Aston Villa,Premier League,True,19,1,40000000,€40m,413403,827679,Aston Villa,Premier League,False,100,wikipedia;transfermarkt;sofascore
england_3,England,L,Nico O'Reilly,,3,DF,2005-03-21,21,"6' 4""",170 lbs,Manchester City,Premier League,True,4,0,70000000,€70m,743413,1142703,Manchester City,Premier League,False,100,wikipedia;transfermarkt;sofascore
england_4,England,L,Declan Rice,,4,MF,1999-01-14,27,"6' 2""",183 lbs,Arsenal,Premier League,True,72,6,120000000,€120m,357662,856714,Arsenal,Premier League,False,100,wikipedia;transfermarkt;sofascore
england_5,England,L,John Stones,,5,DF,1994-05-28,32,"6' 2""",174 lbs,Manchester City,Premier League,True,88,3,12000000,€12m,186590,152077,Manchester City,Premier League,False,100,wikipedia;transfermarkt;sofascore
england_6,England,L,Marc Guéhi,,6,DF,2000-07-13,25,"6' 0""",174 lbs,Manchester City,Premier League,True,28,1,70000000,€70m,392757,877994,Manchester City,Premier League,False,100,wikipedia;transfermarkt;sofascore
england_7,England,L,Bukayo Saka,,7,FW,2001-09-05,24,"5' 10""",159 lbs,Arsenal,Premier League,True,48,14,110000000,€110m,433177,934235,Arsenal,Premier League,False,100,wikipedia;transfermarkt;sofascore
england_8,England,L,Elliot Anderson,,8,MF,2002-11-06,23,"5' 10""",150 lbs,Nottingham Forest,Premier League,True,8,0,75000000,€75m,567576,994546,Nottingham Forest,Championship,False,100,wikipedia;transfermarkt;sofascore
england_9,England,L,Harry Kane(captain),Harry Kane,9,FW,1993-07-28,32,"6' 2""",190 lbs,Bayern Munich,Bundesliga,True,113,79,,,,,,,False,50,wikipedia
england_10,England,L,Jude Bellingham,,10,MF,2003-06-29,22,"6' 1""",163 lbs,Real Madrid,La Liga,True,47,6,130000000,€130m,581678,991011,Real Madrid,LaLiga,False,100,wikipedia;transfermarkt;sofascore
england_11,England,L,Marcus Rashford,,11,FW,1997-10-31,28,"6' 2""",174 lbs,Barcelona,La Liga,True,71,18,40000000,€40m,258923,814590,FC Barcelona,LaLiga,False,100,wikipedia;transfermarkt;sofascore
england_12,England,L,Tino Livramento,,12,DF,2002-11-12,23,"6' 0""",141 lbs,Newcastle United,Premier League,True,6,0,45000000,€45m,503981,980634,Newcastle United,Premier League,False,100,wikipedia;transfermarkt;sofascore
england_13,England,L,Dean Henderson,,13,GK,1997-03-12,29,"6' 2""",185 lbs,Crystal Palace,Premier League,True,4,0,28000000,€28m,258919,788134,Crystal Palace,Premier League,False,100,wikipedia;transfermarkt;sofascore
england_14,England,L,Jordan Henderson,,14,MF,1990-06-17,35,"6' 0""",172 lbs,Brentford,Premier League,True,90,3,1200000,€1.2m,61651,42694,Brentford,Premier League,False,100,wikipedia;transfermarkt;sofascore
england_15,England,L,Dan Burn,,15,DF,1992-05-09,34,"6' 7""",192 lbs,Newcastle United,Premier League,True,7,0,4000000,€4m,134270,99090,Newcastle United,Premier League,False,100,wikipedia;transfermarkt;sofascore
england_16,England,L,Kobbie Mainoo,,16,MF,2005-04-19,21,"6' 0""",159 lbs,Manchester United,Premier League,True,13,0,70000000,€70m,820374,1142175,Manchester United,Premier League,False,100,wikipedia;transfermarkt;sofascore
england_17,England,L,Morgan Rogers,,17,MF,2002-07-26,23,"6' 2""",174 lbs,Aston Villa,Premier League,True,14,1,90000000,€90m,503743,948261,Aston Villa,Premier League,False,100,wikipedia;transfermarkt;sofascore
england_18,England,L,Anthony Gordon,,18,FW,2001-02-24,25,"6' 0""",159 lbs,Newcastle United,Premier League,True,18,2,65000000,€65m,503733,914902,Newcastle United,Premier League,False,100,wikipedia;transfermarkt;sofascore
england_19,England,L,Ollie Watkins,,19,FW,1995-12-30,30,"5' 11""",163 lbs,Aston Villa,Premier League,True,21,6,25000000,€25m,324358,555386,Aston Villa,Premier League,False,100,wikipedia;transfermarkt;sofascore
england_20,England,L,Noni Madueke,,20,FW,2002-03-10,24,"6' 0""",163 lbs,Arsenal,Premier League,True,10,1,50000000,€50m,503987,966547,Arsenal,Premier League,False,100,wikipedia;transfermarkt;sofascore
england_21,England,L,Eberechi Eze,,21,MF,1998-06-29,27,"5' 10""",161 lbs,Arsenal,Premier League,True,16,3,65000000,€65m,479999,864921,Arsenal,Premier League,False,100,wikipedia;transfermarkt;sofascore
england_22,England,L,Ivan Toney,,22,FW,1996-03-16,30,"6' 1""",192 lbs,Al-Ahli,Saudi Pro League,True,8,1,20000000,€20m,251664,290927,Al-Ahli,Saudi Pro League,False,100,wikipedia;transfermarkt;sofascore
england_23,England,L,James Trafford,,23,GK,2002-10-10,23,"6' 6""",183 lbs,Manchester City,Premier League,True,2,0,25000000,€25m,566799,980643,Manchester City,Premier League,False,100,wikipedia;transfermarkt;sofascore
england_24,England,L,Reece James,,24,DF,1999-12-08,26,"6' 0""",181 lbs,Chelsea,Premier League,True,23,1,60000000,€60m,472423,885908,Chelsea,Premier League,False,100,wikipedia;transfermarkt;sofascore
england_25,England,L,Djed Spence,,25,DF,2000-08-09,25,"6' 1""",157 lbs,Tottenham Hotspur,Premier League,True,5,0,30000000,€30m,483348,945798,Tottenham Hotspur,Premier League,False,100,wikipedia;transfermarkt;sofascore
england_26,England,L,Jarell Quansah,,26,DF,2003-01-29,23,"6' 3""",183 lbs,Bayer Leverkusen,Bundesliga,True,2,0,45000000,€45m,632349,1003339,Bayer 04 Leverkusen,Bundesliga,False,100,wikipedia;transfermarkt;sofascore
france_1,France,I,Brice Samba,,1,GK,1994-04-25,32,"6' 2""",196 lbs,Rennes,Ligue 1,True,4,0,7000000,€7m,191056,164055,Stade Rennais,Ligue 1,False,100,wikipedia;transfermarkt;sofascore
france_2,France,I,Malo Gusto,,2,DF,2003-05-19,23,"5' 10""",148 lbs,Chelsea,Premier League,True,10,0,35000000,€35m,620322,996958,Chelsea,Premier League,False,100,wikipedia;transfermarkt;sofascore
france_3,France,I,Lucas Digne,,3,DF,1993-07-20,32,"5' 10""",161 lbs,Aston Villa,Premier League,True,57,0,6000000,€6m,126664,96538,Aston Villa,Premier League,False,100,wikipedia;transfermarkt;sofascore
france_4,France,I,Dayot Upamecano,,4,DF,1998-10-27,27,"6' 1""",196 lbs,Bayern Munich,Bundesliga,True,37,2,70000000,€70m,344695,798583,FC Bayern München,Bundesliga,False,100,wikipedia;transfermarkt;sofascore
france_5,France,I,Jules Koundé,,5,DF,1998-11-12,27,"5' 11""",183 lbs,Barcelona,La Liga,True,47,0,60000000,€60m,411975,827212,FC Barcelona,LaLiga,False,100,wikipedia;transfermarkt;sofascore
france_6,France,I,Manu Koné,,6,MF,2001-05-17,25,"6' 1""",174 lbs,Roma,Serie A,True,13,0,50000000,€50m,624690,974087,AS Roma,Serie A,False,100,wikipedia;transfermarkt;sofascore
france_7,France,I,Ousmane Dembélé,,7,FW,1997-05-15,29,"5' 10""",148 lbs,Paris Saint-Germain,Ligue 1,True,58,7,100000000,€100m,288230,818244,Paris Saint-Germain,Ligue 1,False,100,wikipedia;transfermarkt;sofascore
france_8,France,I,Aurélien Tchouaméni,,8,MF,2000-01-27,26,"6' 2""",179 lbs,Real Madrid,La Liga,True,45,3,70000000,€70m,413112,859025,Real Madrid,LaLiga,False,100,wikipedia;transfermarkt;sofascore
france_9,France,I,Marcus Thuram,,9,FW,1997-08-06,28,"6' 4""",196 lbs,Inter Milan,Serie A,True,34,3,50000000,€50m,318528,791702,Inter,Serie A,False,100,wikipedia;transfermarkt;sofascore
france_10,France,I,Kylian Mbappé(captain),Kylian Mbappé,10,FW,1998-12-20,27,"5' 10""",163 lbs,Real Madrid,La Liga,True,97,56,,,,,,,False,50,wikipedia
france_11,France,I,Michael Olise,,11,FW,2001-12-12,24,"5' 11""",172 lbs,Bayern Munich,Bundesliga,True,16,4,150000000,€150m,566723,978838,FC Bayern München,Bundesliga,False,100,wikipedia;transfermarkt;sofascore
france_12,France,I,Bradley Barcola,,12,FW,2002-09-02,23,"6' 0""",161 lbs,Paris Saint-Germain,Ligue 1,True,19,3,70000000,€70m,708265,996952,Paris Saint-Germain,Ligue 1,False,100,wikipedia;transfermarkt;sofascore
france_13,France,I,N'Golo Kanté,,13,MF,1991-03-29,35,"5' 6""",152 lbs,Fenerbahçe,,False,68,2,4000000,€4m,225083,234148,Fenerbahçe,Trendyol Süper Lig,False,100,wikipedia;transfermarkt;sofascore
france_14,France,I,Adrien Rabiot,,14,MF,1995-04-03,31,"6' 3""",190 lbs,Milan,Serie A,True,58,7,18000000,€18m,182913,250737,AC Milan,Serie A,False,100,wikipedia;transfermarkt;sofascore
france_15,France,I,Ibrahima Konaté,,15,DF,1999-05-25,27,"6' 4""",207 lbs,Liverpool,Premier League,True,28,0,45000000,€45m,357119,826215,Liverpool FC,Premier League,False,100,wikipedia;transfermarkt;sofascore
france_16,France,I,Mike Maignan,,16,GK,1995-07-03,30,"6' 3""",194 lbs,Milan,Serie A,True,39,0,20000000,€20m,182906,191210,AC Milan,Serie A,False,100,wikipedia;transfermarkt;sofascore
france_17,France,I,William Saliba,,17,DF,2001-03-24,25,"6' 4""",203 lbs,Arsenal,Premier League,True,31,0,100000000,€100m,495666,941168,Arsenal,Premier League,False,100,wikipedia;transfermarkt;sofascore
france_18,France,I,Warren Zaïre-Emery,,18,MF,2006-03-08,20,"5' 10""",150 lbs,Paris Saint-Germain,Ligue 1,True,11,1,80000000,€80m,810092,1142672,Paris Saint-Germain,Ligue 1,False,100,wikipedia;transfermarkt;sofascore
france_19,France,I,Théo Hernandez,Theo Hernández,19,DF,1997-10-06,28,"6' 0""",179 lbs,Al-Hilal,Saudi Pro League,True,43,2,20000000,€20m,339808,788027,Al-Hilal,Saudi Pro League,False,100,wikipedia;transfermarkt;sofascore
france_20,France,I,Désiré Doué,,20,FW,2005-06-03,21,"5' 11""",172 lbs,Paris Saint-Germain,Ligue 1,True,6,2,120000000,€120m,914562,1154605,Paris Saint-Germain,Ligue 1,False,100,wikipedia;transfermarkt;sofascore
france_21,France,I,Lucas Hernandez,Lucas Hernández,21,DF,1996-02-14,30,"6' 0""",172 lbs,Paris Saint-Germain,Ligue 1,True,42,0,18000000,€18m,281963,352370,Paris Saint-Germain,Ligue 1,False,100,wikipedia;transfermarkt;sofascore
france_22,France,I,Jean-Philippe Mateta,,22,FW,1997-06-28,28,"6' 4""",192 lbs,Crystal Palace,Premier League,True,4,2,30000000,€30m,420002,848276,Crystal Palace,Premier League,False,100,wikipedia;transfermarkt;sofascore
france_23,France,I,Robin Risser,,23,GK,2004-12-02,21,"6' 4""",183 lbs,Lens,Ligue 1,True,0,0,30000000,€30m,743515,1387161,RC Lens,Ligue 1,False,95,wikipedia;transfermarkt;sofascore
france_24,France,I,Rayan Cherki,,24,MF,2003-08-17,22,"5' 11""",157 lbs,Manchester City,Premier League,True,6,2,90000000,€90m,607223,979128,Manchester City,Premier League,False,100,wikipedia;transfermarkt;sofascore
france_25,France,I,Maghnes Akliouche,,25,MF,2002-02-25,24,"6' 0""",152 lbs,Monaco,Ligue 1,True,8,1,50000000,€50m,745200,1130939,AS Monaco,Ligue 1,False,100,wikipedia;transfermarkt;sofascore
france_26,France,I,Maxence Lacroix,,26,DF,2000-04-06,26,"6' 3""",192 lbs,Crystal Palace,Premier League,True,3,0,50000000,€50m,434224,879674,Crystal Palace,Premier League,False,100,wikipedia;transfermarkt;sofascore
germany_1,Germany,E,Manuel Neuer,,1,GK,1986-03-27,40,"6' 4""",203 lbs,Bayern Munich,Bundesliga,True,124,0,4000000,€4m,17259,8959,FC Bayern München,Bundesliga,False,100,wikipedia;transfermarkt;sofascore
germany_2,Germany,E,Antonio Rüdiger,,2,DF,1993-03-03,33,"6' 3""",185 lbs,Real Madrid,La Liga,True,82,3,6000000,€6m,86202,142622,Real Madrid,LaLiga,False,100,wikipedia;transfermarkt;sofascore
germany_3,Germany,E,Waldemar Anton,,3,DF,1996-07-20,29,"6' 2""",190 lbs,Borussia Dortmund,Bundesliga,True,13,0,18000000,€18m,193004,799046,Borussia Dortmund,Bundesliga,False,100,wikipedia;transfermarkt;sofascore
germany_4,Germany,E,Jonathan Tah,,4,DF,1996-02-11,30,"6' 5""",205 lbs,Bayern Munich,Bundesliga,True,47,1,28000000,€28m,196357,227672,FC Bayern München,Bundesliga,False,100,wikipedia;transfermarkt;sofascore
germany_5,Germany,E,Aleksandar Pavlović,Aleksandar Pavlovic,5,MF,2004-05-03,22,"6' 2""",172 lbs,Bayern Munich,Bundesliga,True,11,1,90000000,€90m,792380,1142251,FC Bayern München,Bundesliga,False,100,wikipedia;transfermarkt;sofascore
germany_6,Germany,E,Joshua Kimmich(captain),Joshua Kimmich,6,MF,1995-02-08,31,"5' 10""",163 lbs,Bayern Munich,Bundesliga,True,110,10,,,,,,,False,50,wikipedia
germany_7,Germany,E,Kai Havertz,,7,FW,1999-06-11,27,"6' 4""",183 lbs,Arsenal,Premier League,True,58,22,55000000,€55m,309400,836705,Arsenal,Premier League,False,100,wikipedia;transfermarkt;sofascore
germany_8,Germany,E,Leon Goretzka,,8,MF,1995-02-06,31,"6' 2""",181 lbs,Bayern Munich,Bundesliga,True,70,15,12000000,€12m,153084,184661,FC Bayern München,Bundesliga,False,100,wikipedia;transfermarkt;sofascore
germany_9,Germany,E,Jamie Leweling,,9,FW,2001-02-26,25,"6' 1""",190 lbs,VfB Stuttgart,Bundesliga,True,5,1,40000000,€40m,518505,990201,VfB Stuttgart,Bundesliga,False,100,wikipedia;transfermarkt;sofascore
germany_10,Germany,E,Jamal Musiala,,10,MF,2003-02-26,23,"6' 1""",163 lbs,Bayern Munich,Bundesliga,True,42,9,100000000,€100m,580195,1010231,FC Bayern München,Bundesliga,False,100,wikipedia;transfermarkt;sofascore
germany_11,Germany,E,Nick Woltemade,,11,FW,2002-02-14,24,"6' 6""",196 lbs,Newcastle United,Premier League,True,11,4,55000000,€55m,455661,980623,Newcastle United,Premier League,False,100,wikipedia;transfermarkt;sofascore
germany_12,Germany,E,Oliver Baumann,,12,GK,1990-06-02,36,"6' 2""",181 lbs,TSG Hoffenheim,Bundesliga,True,13,0,2500000,€2.5m,55089,40244,TSG Hoffenheim,Bundesliga,False,100,wikipedia;transfermarkt;sofascore
germany_13,Germany,E,Pascal Groß,Pascal Gross,13,MF,1991-06-15,34,"5' 11""",172 lbs,Brighton & Hove Albion,Premier League,True,18,1,2500000,€2.5m,82873,48480,Brighton & Hove Albion,Premier League,False,100,wikipedia;transfermarkt;sofascore
germany_14,Germany,E,Maximilian Beier,,14,FW,2002-10-17,23,"6' 0""",159 lbs,Borussia Dortmund,Bundesliga,True,9,0,40000000,€40m,578392,980628,Borussia Dortmund,Bundesliga,False,100,wikipedia;transfermarkt;sofascore
germany_15,Germany,E,Nico Schlotterbeck,,15,DF,1999-12-01,26,"6' 3""",190 lbs,Borussia Dortmund,Bundesliga,True,27,0,55000000,€55m,388198,940871,Borussia Dortmund,Bundesliga,False,100,wikipedia;transfermarkt;sofascore
germany_16,Germany,E,Angelo Stiller,,16,MF,2001-04-04,25,"6' 0""",170 lbs,VfB Stuttgart,Bundesliga,True,8,0,45000000,€45m,443710,901882,VfB Stuttgart,Bundesliga,False,100,wikipedia;transfermarkt;sofascore
germany_17,Germany,E,Florian Wirtz,,17,MF,2003-05-03,23,"5' 9""",161 lbs,Liverpool,Premier League,True,41,11,100000000,€100m,598577,1019322,Liverpool FC,Premier League,False,100,wikipedia;transfermarkt;sofascore
germany_18,Germany,E,Nathaniel Brown,,18,DF,2003-06-16,22,"5' 9""",148 lbs,Eintracht Frankfurt,Bundesliga,True,5,0,40000000,€40m,691892,1159759,Eintracht Frankfurt,Bundesliga,False,100,wikipedia;transfermarkt;sofascore
germany_19,Germany,E,Leroy Sané,,19,FW,1996-01-11,30,"6' 0""",174 lbs,Galatasaray,,False,76,17,20000000,€20m,192565,293519,Galatasaray,Trendyol Süper Lig,False,100,wikipedia;transfermarkt;sofascore
germany_20,Germany,E,Nadiem Amiri,,20,MF,1996-10-27,29,"5' 11""",163 lbs,Mainz 05,,True,11,1,17000000,€17m,232454,327755,1. FSV Mainz 05,Bundesliga,False,100,wikipedia;transfermarkt;sofascore
germany_21,Germany,E,Alexander Nübel,,21,GK,1996-09-30,29,"6' 4""",190 lbs,VfB Stuttgart,Bundesliga,True,3,0,12000000,€12m,195778,584722,VfB Stuttgart,Bundesliga,False,100,wikipedia;transfermarkt;sofascore
germany_22,Germany,E,David Raum,,22,DF,1998-04-22,28,"5' 11""",163 lbs,RB Leipzig,Bundesliga,True,37,1,25000000,€25m,318204,856076,RB Leipzig,Bundesliga,False,100,wikipedia;transfermarkt;sofascore
germany_23,Germany,E,Felix Nmecha,,23,MF,2000-10-10,25,"6' 3""",161 lbs,Borussia Dortmund,Bundesliga,True,8,1,50000000,€50m,406640,907463,Borussia Dortmund,Bundesliga,False,100,wikipedia;transfermarkt;sofascore
germany_24,Germany,E,Malick Thiaw,,24,DF,2001-08-08,24,"6' 4""",190 lbs,Newcastle United,Premier League,True,5,0,45000000,€45m,521964,1014286,Newcastle United,Premier League,False,100,wikipedia;transfermarkt;sofascore
germany_25,Germany,E,Assan Ouédraogo,,25,MF,2006-05-09,20,"6' 3""",183 lbs,RB Leipzig,Bundesliga,True,1,1,28000000,€28m,897424,1418623,RB Leipzig,Bundesliga,False,100,wikipedia;transfermarkt;sofascore
germany_26,Germany,E,Deniz Undav,,26,FW,1996-07-19,29,"5' 10""",190 lbs,VfB Stuttgart,Bundesliga,True,9,6,22000000,€22m,339314,794298,VfB Stuttgart,Bundesliga,False,100,wikipedia;transfermarkt;sofascore
ghana_1,Ghana,L,Lawrence Ati-Zigi,Lawrence Ati Zigi,1,GK,1996-11-29,29,"6' 2""",192 lbs,St. Gallen,,False,29,0,,,,,,,False,50,wikipedia
ghana_2,Ghana,L,Alidu Seidu,,2,DF,2000-06-04,26,"5' 8""",159 lbs,Rennes,Ligue 1,True,24,1,,,,1049515,Stade Rennais,Ligue 1,False,75,wikipedia;sofascore
ghana_3,Ghana,L,Caleb Yirenkyi,,3,MF,2006-01-15,20,"6' 0""",170 lbs,Nordsjælland,,False,11,1,,,,1986794,FC Nordsjælland,Danish Superliga,False,75,wikipedia;sofascore
ghana_4,Ghana,L,Jonas Adjetey,,4,DF,2003-12-13,22,"6' 2""",181 lbs,VfL Wolfsburg,Bundesliga,True,10,0,,,,1218056,VfL Wolfsburg,Bundesliga,False,75,wikipedia;sofascore
ghana_5,Ghana,L,Thomas Partey,,5,MF,1993-06-13,32,"6' 1""",170 lbs,Villarreal,La Liga,True,57,15,,,,316148,Villarreal,LaLiga,False,75,wikipedia;sofascore
ghana_6,Ghana,L,Abdul Mumin,,6,DF,1998-06-06,28,"6' 2""",172 lbs,Rayo Vallecano,La Liga,True,5,0,,,,846147,Rayo Vallecano,LaLiga,False,75,wikipedia;sofascore
ghana_7,Ghana,L,Abdul Fatawu,Fatawu Issahaku,7,FW,2004-03-08,22,"5' 10""",161 lbs,Leicester City,Premier League,True,28,3,,,,,,,False,50,wikipedia
ghana_8,Ghana,L,Kwasi Sibo,,8,MF,1998-06-24,27,"6' 0""",159 lbs,Oviedo,,False,8,0,,,,905639,Real Oviedo,LaLiga 2,False,75,wikipedia;sofascore
ghana_9,Ghana,L,Jordan Ayew(captain),Jordan Ayew,9,FW,1991-09-11,34,"6' 0""",174 lbs,Leicester City,Premier League,True,120,34,,,,,,,False,50,wikipedia
ghana_10,Ghana,L,Brandon Thomas-Asante,,10,FW,1998-12-29,27,"6' 0""",174 lbs,Coventry City,,False,8,1,,,,846061,Coventry City,Championship,False,75,wikipedia;sofascore
ghana_11,Ghana,L,Antoine Semenyo,,11,FW,2000-01-07,26,"6' 1""",181 lbs,Manchester City,Premier League,True,34,3,,,,934354,Manchester City,Premier League,False,75,wikipedia;sofascore
ghana_12,Ghana,L,Joseph Anang,,12,GK,2000-06-08,26,"6' 3""",192 lbs,St Patrick's Athletic,,False,1,0,,,,970370,St. Patrick's Athletic, Premier Division,False,75,wikipedia;sofascore
ghana_13,Ghana,L,Christopher Bonsu Baah,,13,FW,2004-12-14,21,"5' 8""",161 lbs,Al-Qadsiah,Saudi Pro League,True,9,0,,,,1477662,Al-Qadsiah,King's Cup,False,75,wikipedia;sofascore
ghana_14,Ghana,L,Gideon Mensah,,14,DF,1998-07-18,27,"5' 10""",152 lbs,Auxerre,Ligue 1,False,40,0,,,,844942,Auxerre,Ligue 2,False,75,wikipedia;sofascore
ghana_15,Ghana,L,Elisha Owusu,,15,MF,1997-11-07,28,"6' 0""",159 lbs,Auxerre,Ligue 1,False,20,0,,,,904424,Auxerre,Ligue 2,False,75,wikipedia;sofascore
ghana_16,Ghana,L,Benjamin Asare,,16,GK,1992-07-13,33,"6' 2""",172 lbs,Hearts of Oak,,False,11,0,,,,1457083,Accra Hearts of Oak,Ghana Premier League,False,75,wikipedia;sofascore
ghana_17,Ghana,L,Abdul Rahman Baba,Baba Rahman,17,DF,1994-07-02,31,"5' 10""",150 lbs,PAOK,,False,51,1,,,,239632,PAOK,Greek Football Cup,False,75,wikipedia;sofascore
ghana_18,Ghana,L,Jerome Opoku,,18,DF,1998-10-14,27,"6' 4""",172 lbs,İstanbul Başakşehir,,False,11,1,,,,920514,Başakşehir FK,Trendyol Süper Lig,False,75,wikipedia;sofascore
ghana_19,Ghana,L,Iñaki Williams,,19,FW,1994-06-15,31,"6' 1""",179 lbs,Athletic Bilbao,La Liga,True,26,2,,,,783374,Athletic Club,LaLiga,False,75,wikipedia;sofascore
ghana_20,Ghana,L,Augustine Boakye,,20,MF,2000-11-03,25,"5' 10""",152 lbs,Saint-Étienne,Ligue 1,True,0,0,,,,1138352,Saint-Étienne,Ligue 1,False,70,wikipedia;sofascore
ghana_21,Ghana,L,Kojo Peprah Oppong,,21,DF,2004-06-04,22,"6' 1""",170 lbs,Nice,Ligue 1,True,4,0,,,,1473092,Nice,Ligue 1,False,75,wikipedia;sofascore
ghana_22,Ghana,L,Kamaldeen Sulemana,,22,FW,2002-02-15,24,"5' 9""",152 lbs,Atalanta,Serie A,True,28,1,,,,1019442,Atalanta,Serie A,False,75,wikipedia;sofascore
ghana_23,Ghana,L,Derrick Luckassen,,23,DF,1995-07-03,30,"6' 2""",172 lbs,Pafos,,False,1,0,,,,363782,Pafos FC,Cyprus League by Stoiximan,False,75,wikipedia;sofascore
ghana_24,Ghana,L,Ernest Nuamah,,24,FW,2003-11-01,22,"5' 10""",157 lbs,Lyon,Ligue 1,True,18,4,,,,1202024,Olympique Lyonnais,Ligue 1,False,75,wikipedia;sofascore
ghana_25,Ghana,L,Prince Kwabena Adu,Prince Adu,25,FW,2003-09-23,22,"5' 10""",172 lbs,Viktoria Plzeň,,False,5,0,,,,1472288,FC Viktoria Plzeň,Czech First League,False,75,wikipedia;sofascore
ghana_26,Ghana,L,Marvin Senaya,,26,DF,2001-01-28,25,"5' 11""",168 lbs,Auxerre,Ligue 1,False,2,0,,,,1087805,Auxerre,Ligue 2,False,75,wikipedia;sofascore
haiti_1,Haiti,C,Johny Placide(captain),Johny Placide,1,GK,1988-01-29,38,"5' 11""",168 lbs,Bastia,,False,81,0,,,,,,,False,50,wikipedia
haiti_2,Haiti,C,Carlens Arcus,,2,DF,1996-06-28,29,"5' 11""",163 lbs,Angers,Ligue 1,True,53,1,,,,794373,Angers,Ligue 1,False,75,wikipedia;sofascore
haiti_3,Haiti,C,Keeto Thermoncy,,3,DF,2006-03-29,20,"5' 10""",152 lbs,Young Boys,,False,1,0,,,,1544387,Young Boys U21,Promotion League,False,75,wikipedia;sofascore
haiti_4,Haiti,C,Ricardo Adé,,4,DF,1990-05-21,36,"6' 3""",152 lbs,LDU Quito,,False,59,2,,,,839638,LDU,LigaPro Serie A,False,75,wikipedia;sofascore
haiti_5,Haiti,C,Hannes Delcroix,,5,DF,1999-02-28,27,"6' 0""",172 lbs,Lugano,,False,7,0,,,,826169,FC Lugano,Swiss Super League,False,75,wikipedia;sofascore
haiti_6,Haiti,C,Carl Sainté,,6,MF,2002-08-09,23,"6' 0""",163 lbs,El Paso Locomotive FC,,False,26,0,,,,1002387,El Paso Locomotive FC,USL Championship,False,75,wikipedia;sofascore
haiti_7,Haiti,C,Derrick Etienne Jr.,,7,FW,1996-11-25,29,"5' 10""",152 lbs,Toronto FC,,False,48,8,,,,,,,False,50,wikipedia
haiti_8,Haiti,C,Martin Expérience,,8,DF,1999-03-09,27,"5' 10""",172 lbs,Nancy,,False,21,0,,,,1110369,Nancy,Ligue 2,False,75,wikipedia;sofascore
haiti_9,Haiti,C,Duckens Nazon,,9,FW,1994-04-07,32,"5' 11""",172 lbs,Esteghlal,,False,78,44,,,,796023,Esteghlal FC,Persian Gulf Pro League,False,75,wikipedia;sofascore
haiti_10,Haiti,C,Jean-Ricner Bellegarde,,10,MF,1998-06-27,27,"5' 7""",146 lbs,Wolverhampton Wanderers,Premier League,True,10,0,,,,845273,Wolverhampton,Premier League,False,75,wikipedia;sofascore
haiti_11,Haiti,C,Louicius Deedson,,11,FW,2001-02-11,25,"5' 10""",157 lbs,FC Dallas,,False,32,10,,,,991451,FC Dallas,MLS,False,75,wikipedia;sofascore
haiti_12,Haiti,C,Alexandre Pierre,,12,GK,2001-02-25,25,"6' 3""",172 lbs,Sochaux,,False,15,0,,,,1091596,FC Sochaux 2,National 3 Groupe F,False,75,wikipedia;sofascore
haiti_13,Haiti,C,Duke Lacroix,Markhus Lacroix,13,DF,1993-10-14,32,"5' 9""",148 lbs,Colorado Springs Switchbacks FC,,False,16,3,,,,884301,Colorado Springs Switchbacks FC,USL Championship,False,75,wikipedia;sofascore
haiti_14,Haiti,C,Leverton Pierre,,14,MF,1998-03-09,28,"5' 11""",161 lbs,Vizela,,False,33,0,,,,912050,Vizela,Liga Portugal Betclic,False,75,wikipedia;sofascore
haiti_15,Haiti,C,Ruben Providence,,15,FW,2001-07-07,24,"5' 10""",161 lbs,Almere City,,False,15,3,,,,954066,Almere City FC,Eerste Divisie,False,75,wikipedia;sofascore
haiti_16,Haiti,C,Lenny Joseph,,16,FW,2000-10-12,25,"6' 0""",152 lbs,Ferencváros,,False,2,1,,,,1010126,Ferencváros TC,Fizz Liga,False,75,wikipedia;sofascore
haiti_17,Haiti,C,Danley Jean Jacques,,17,MF,2000-05-20,26,"6' 0""",159 lbs,Philadelphia Union,,False,30,6,,,,1173167,Philadelphia Union,MLS,False,75,wikipedia;sofascore
haiti_18,Haiti,C,Wilson Isidor,,18,FW,2000-08-27,25,"6' 0""",159 lbs,Sunderland,,False,4,2,,,,877980,Sunderland,League One,False,75,wikipedia;sofascore
haiti_19,Haiti,C,Yassin Fortuné,,19,FW,1999-01-30,27,"6' 1""",161 lbs,Vizela,,False,4,0,,,,826211,Vizela,Liga Portugal Betclic,False,75,wikipedia;sofascore
haiti_20,Haiti,C,Frantzdy Pierrot,,20,FW,1995-03-29,31,"6' 4""",172 lbs,Çaykur Rizespor,,False,51,34,,,,943278,Çaykur Rizespor,Trendyol Süper Lig,False,75,wikipedia;sofascore
haiti_21,Haiti,C,Josué Casimir,,21,FW,2001-09-24,24,"5' 10""",150 lbs,Auxerre,Ligue 1,False,7,0,,,,1035986,Auxerre,Ligue 2,False,75,wikipedia;sofascore
haiti_22,Haiti,C,Jean-Kévin Duverne,,22,DF,1997-07-12,28,"6' 0""",170 lbs,Gent,,False,17,1,,,,845930,KAA Gent,Pro League,False,75,wikipedia;sofascore
haiti_23,Haiti,C,Josué Duverger,,23,GK,2000-04-27,26,"6' 2""",168 lbs,Cosmos Koblenz,,False,6,0,,,,936558,FC Cosmos Koblenz,Oberliga Rheinland-Pfalz/Saar,False,75,wikipedia;sofascore
haiti_24,Haiti,C,Wilguens Paugain,,24,DF,2001-08-24,24,"5' 11""",152 lbs,Zulte Waregem,,False,8,0,,,,1404526,SV Zulte Waregem,Pro League,False,75,wikipedia;sofascore
haiti_25,Haiti,C,Dominique Simon,,25,MF,2000-07-29,25,"5' 10""",152 lbs,Tatran Prešov,,False,2,0,,,,1187376,1. FC Tatran Prešov,Slovnaft Cup,False,75,wikipedia;sofascore
haiti_26,Haiti,C,Woodensky Pierre,,26,MF,2004-12-30,21,"5' 10""",168 lbs,Violette,,False,1,0,,,,1384367,Violette AC,Ligue Haïtienne de Football,False,75,wikipedia;sofascore
iran_1,Iran,G,Alireza Beiranvand,,1,GK,1992-09-21,33,"6' 5""",192 lbs,Tractor,,False,86,0,,,,791374,Tractor FC,Persian Gulf Pro League,False,75,wikipedia;sofascore
iran_2,Iran,G,Saleh Hardani,,2,DF,1998-12-26,27,"5' 9""",150 lbs,Esteghlal,,False,18,1,,,,1836024,Esteghlal FC,Persian Gulf Pro League,False,75,wikipedia;sofascore
iran_3,Iran,G,Ehsan Hajsafi(captain),Ehsan Hajsafi,3,DF,1990-02-25,36,"5' 10""",183 lbs,Sepahan,,False,146,7,,,,,,,False,50,wikipedia
iran_4,Iran,G,Shojae Khalilzadeh,Shoja Khalilzadeh,4,DF,1989-05-14,37,"6' 0""",163 lbs,Tractor,,False,58,2,,,,223340,Tractor FC,Persian Gulf Pro League,False,75,wikipedia;sofascore
iran_5,Iran,G,Milad Mohammadi,,5,DF,1993-09-29,32,"5' 10""",152 lbs,Persepolis,,False,76,1,,,,812531,Persepolis FC,Persian Gulf Pro League,False,75,wikipedia;sofascore
iran_6,Iran,G,Saeid Ezatolahi,,6,MF,1996-10-01,29,"6' 2""",194 lbs,Shabab Al Ahli,,False,83,2,,,,359334,Shabab Al-Ahli Dubai,UAE Pro League,False,75,wikipedia;sofascore
iran_7,Iran,G,Alireza Jahanbakhsh,,7,MF,1993-08-11,32,"6' 0""",172 lbs,Dender,,False,98,17,,,,331837,FCV Dender,Pro League,False,75,wikipedia;sofascore
iran_8,Iran,G,Mohammad Mohebi,Mohammad Mohebbi,8,MF,1998-12-20,27,"6' 2""",183 lbs,Rostov,,False,36,14,,,,996805,FC Rostov,Russian Premier League,False,75,wikipedia;sofascore
iran_9,Iran,G,Mehdi Taremi,,9,FW,1992-07-18,33,"6' 2""",181 lbs,Olympiacos,,False,105,60,,,,812533,Olympiacos FC,Greek Football Cup,False,75,wikipedia;sofascore
iran_10,Iran,G,Mehdi Ghayedi,,10,FW,1998-12-05,27,"5' 5""",130 lbs,Al Nasr,,False,30,10,,,,881182,Al-Nasr Dubai,UAE Pro League,False,75,wikipedia;sofascore
iran_11,Iran,G,Ali Alipour,,11,FW,1995-11-11,30,"5' 11""",163 lbs,Persepolis,,False,14,1,,,,791368,Persepolis FC,Persian Gulf Pro League,False,75,wikipedia;sofascore
iran_12,Iran,G,Payam Niazmand,,12,GK,1995-04-06,31,"6' 4""",203 lbs,Persepolis,,False,15,0,,,,932221,Persepolis FC,Persian Gulf Pro League,False,75,wikipedia;sofascore
iran_13,Iran,G,Hossein Kanaanizadegan,Hossein Kanani,13,DF,1994-03-23,32,"6' 2""",194 lbs,Persepolis,,False,65,6,,,,,,,False,50,wikipedia
iran_14,Iran,G,Saman Ghoddos,,14,MF,1993-09-06,32,"5' 9""",170 lbs,Kalba,,False,68,3,,,,548050,Al-Ittihad Kalba,UAE Pro League,False,75,wikipedia;sofascore
iran_15,Iran,G,Rouzbeh Cheshmi,Roozbeh Cheshmi,15,MF,1993-07-24,32,"6' 4""",181 lbs,Esteghlal,,False,40,3,,,,828230,Esteghlal FC,Persian Gulf Pro League,False,75,wikipedia;sofascore
iran_16,Iran,G,Mehdi Torabi,,16,MF,1994-09-10,31,"6' 1""",170 lbs,Tractor,,False,52,7,,,,812953,Tractor FC,Persian Gulf Pro League,False,75,wikipedia;sofascore
iran_17,Iran,G,Aria Yousefi,Arya Yousefi,17,DF,2002-04-22,24,"5' 11""",172 lbs,Sepahan,,False,14,1,,,,1170977,Sepahan S.C.,Persian Gulf Pro League,False,75,wikipedia;sofascore
iran_18,Iran,G,Amirhossein Hosseinzadeh,,18,FW,2000-10-30,25,"5' 10""",179 lbs,Tractor,,False,18,5,,,,905472,Tractor FC,Persian Gulf Pro League,False,75,wikipedia;sofascore
iran_19,Iran,G,Ali Nemati,,19,DF,1996-02-08,30,"6' 0""",170 lbs,Foolad,,False,17,0,,,,932486,Foolad Khuzestan,Persian Gulf Pro League,False,75,wikipedia;sofascore
iran_20,Iran,G,Shahriyar Moghanlou,Shahriyar Moghanloo,20,FW,1994-12-21,31,"6' 2""",196 lbs,Kalba,,False,21,2,,,,993899,Al-Ittihad Kalba,UAE Pro League,False,75,wikipedia;sofascore
iran_21,Iran,G,Mohammad Ghorbani,,21,MF,2001-10-07,24,"6' 3""",183 lbs,Al Wahda,,False,16,0,,,,1171024,Al-Wahda FC,UAE Pro League,False,75,wikipedia;sofascore
iran_22,Iran,G,Hossein Hosseini,,22,GK,1992-06-30,33,"6' 2""",183 lbs,Sepahan,,False,13,0,,,,328769,Sepahan S.C.,Persian Gulf Pro League,False,75,wikipedia;sofascore
iran_23,Iran,G,Ramin Rezaeian,,23,DF,1990-03-21,36,"6' 0""",163 lbs,Foolad,,False,74,8,,,,786133,Foolad Khuzestan,Persian Gulf Pro League,False,75,wikipedia;sofascore
iran_24,Iran,G,Dennis Eckert,Dennis Dargahi,24,FW,1997-01-09,29,"6' 0""",181 lbs,Standard Liège,,False,0,0,,,,,,,False,45,wikipedia
iran_25,Iran,G,Danial Eiri,Danial Iri,25,DF,2003-10-26,22,"6' 0""",163 lbs,Malavan,,False,0,0,,,,1464876,Malavan Bandar Anzali FC,Azadegan League,False,70,wikipedia;sofascore
iran_26,Iran,G,Amirmohammad Razzaghinia,,26,MF,2006-04-11,20,"6' 2""",183 lbs,Esteghlal,,False,4,0,,,,1500737,Esteghlal FC,Persian Gulf Pro League,False,75,wikipedia;sofascore
iraq_1,Iraq,I,Fahad Talib,,1,GK,1994-10-21,31,"6' 4""",190 lbs,Al-Talaba,,False,21,0,,,,884092,Al Talaba,AFC Champions League Two,False,75,wikipedia;sofascore
iraq_2,Iraq,I,Rebin Sulaka,,2,DF,1992-04-12,34,"6' 4""",185 lbs,Port,,False,55,1,,,,362504,Port FC,Thai League 1,False,75,wikipedia;sofascore
iraq_3,Iraq,I,Hussein Ali,,3,DF,2002-03-01,24,"6' 0""",163 lbs,Pogoń Szczecin,,False,26,1,,,,962056,Pogoń Szczecin,Ekstraklasa,False,75,wikipedia;sofascore
iraq_4,Iraq,I,Zaid Tahseen,Zaid Ismael,4,MF,2001-01-29,25,"6' 1""",161 lbs,Pakhtakor,,False,27,1,,,,1150051,Pakhtakor Tashkent,Uzbekistan Super League,False,75,wikipedia;sofascore
iraq_5,Iraq,I,Akam Hashim,,5,DF,1998-08-16,27,"6' 0""",179 lbs,Al-Zawraa,,False,13,1,,,,,,,False,50,wikipedia
iraq_6,Iraq,I,Manaf Younis,Munaf Younus,6,DF,1996-11-16,29,,,Al-Shorta,,False,33,1,,,,1176558,Al-Shorta,AFC Champions League Elite,False,75,wikipedia;sofascore
iraq_7,Iraq,I,Youssef Amyn,,7,FW,2003-08-21,22,"5' 8""",150 lbs,AEK Larnaca,,False,26,2,,,,1106352,AEK Larnaca,Cyprus League by Stoiximan,False,75,wikipedia;sofascore
iraq_8,Iraq,I,Ibrahim Bayesh,,8,MF,2000-05-01,26,"6' 0""",172 lbs,Al Dhafra,,False,75,8,,,,920815,Al-Dhafra,UAE Pro League,False,75,wikipedia;sofascore
iraq_9,Iraq,I,Ali Al-Hamadi,,9,FW,2002-03-01,24,"6' 2""",179 lbs,Luton Town,,False,19,5,,,,1010010,Luton Town,Championship,False,75,wikipedia;sofascore
iraq_10,Iraq,I,Mohanad Ali,,10,FW,2000-06-20,25,"6' 0""",168 lbs,Dibba,,False,71,27,,,,951859,Dibba Al-Fujairah,UAE 1st Division,False,75,wikipedia;sofascore
iraq_11,Iraq,I,Ahmed Qasem,Ahmed Qasim,11,DF,2003-07-12,22,"6' 0""",161 lbs,Nashville SC,,False,2,0,,,,1101887,Nashville SC,MLS,False,75,wikipedia;sofascore
iraq_12,Iraq,I,Jalal Hassan(captain),Jalal Hassan,12,GK,1991-05-18,35,"6' 2""",185 lbs,Al-Zawraa,,False,101,0,,,,,,,False,50,wikipedia
iraq_13,Iraq,I,Ali Yousif,,13,FW,1996-01-19,30,"5' 11""",179 lbs,Al-Talaba,,False,6,1,,,,834492,Al Talaba,AFC Champions League Two,False,75,wikipedia;sofascore
iraq_14,Iraq,I,Zidane Iqbal,,14,MF,2003-04-27,23,"5' 11""",157 lbs,Utrecht,,False,24,2,,,,1014225,Jong FC Utrecht,Eerste Divisie,False,75,wikipedia;sofascore
iraq_15,Iraq,I,Ahmed Maknzi,,15,DF,2001-09-24,24,,,Al-Karma,,False,6,0,,,,,,,False,50,wikipedia
iraq_16,Iraq,I,Amir Al-Ammari,,16,MF,1997-07-27,28,"6' 0""",157 lbs,Cracovia,,False,50,3,,,,915325,Cracovia,Ekstraklasa,False,75,wikipedia;sofascore
iraq_17,Iraq,I,Ali Jasim,,17,FW,2004-01-20,22,"5' 10""",161 lbs,Al-Najma,,True,36,2,,,,1066729,Al-Najma SC,Saudi Pro League,False,75,wikipedia;sofascore
iraq_18,Iraq,I,Aymen Hussein,,18,FW,1996-03-22,30,"6' 2""",183 lbs,Al-Karma,,False,94,33,,,,812999,Al Karma SC,Iraq Stars League,False,75,wikipedia;sofascore
iraq_19,Iraq,I,Kevin Yakob,,19,MF,2000-10-10,25,"6' 1""",163 lbs,AGF,,False,8,0,,,,936451,AGF,Danish Superliga,False,75,wikipedia;sofascore
iraq_20,Iraq,I,Aimar Sher,,20,MF,2002-12-20,23,"5' 9""",141 lbs,Sarpsborg 08,,False,6,0,,,,981574,Sarpsborg 08,Eliteserien,False,75,wikipedia;sofascore
iraq_21,Iraq,I,Marko Farji,,21,MF,2004-03-16,22,"6' 0""",172 lbs,Venezia,Serie A,True,11,0,,,,1026519,Venezia,Serie A,False,75,wikipedia;sofascore
iraq_22,Iraq,I,Ahmed Basil,,22,GK,1996-08-19,29,"6' 1""",174 lbs,Al-Shorta,,False,15,0,,,,888896,Al-Shorta,AFC Champions League Elite,False,75,wikipedia;sofascore
iraq_23,Iraq,I,Merchas Doski,,23,DF,1999-12-07,26,"5' 8""",141 lbs,Viktoria Plzeň,,False,31,1,,,,1381224,FC Viktoria Plzeň,Czech First League,False,75,wikipedia;sofascore
iraq_24,Iraq,I,Zaid Ismail,,24,MF,2002-01-03,24,,,Al-Talaba,,False,6,0,,,,1843356,Al Talaba,AFC Champions League Two,False,75,wikipedia;sofascore
iraq_25,Iraq,I,Mustafa Saadoon,,25,DF,2001-05-25,25,"5' 11""",161 lbs,Al-Shorta,,False,16,0,,,,1500435,Al-Shorta,AFC Champions League Elite,False,75,wikipedia;sofascore
iraq_26,Iraq,I,Frans Putros,,26,DF,1993-07-14,32,"5' 11""",172 lbs,Persib,,False,27,0,,,,851676,Persib Bandung,Indonesia Super League,False,75,wikipedia;sofascore
ivory-coast_1,Ivory Coast,E,Yahia Fofana,,1,GK,2000-08-21,25,"6' 4""",194 lbs,Çaykur Rizespor,,False,35,0,5000000,€5m,418651,877977,Çaykur Rizespor,Trendyol Süper Lig,False,100,wikipedia;transfermarkt;sofascore
ivory-coast_2,Ivory Coast,E,Ousmane Diomande,,2,DF,2003-12-04,22,"6' 3""",205 lbs,Sporting CP,,False,15,1,42000000,€42m,974982,1394342,Sporting CP,Liga Portugal Betclic,False,100,wikipedia;transfermarkt;sofascore
ivory-coast_3,Ivory Coast,E,Ghislain Konan,,3,DF,1995-12-27,30,"5' 9""",172 lbs,Gil Vicente,,False,54,0,3000000,€3m,422850,831781,Gil Vicente,Liga Portugal Betclic,False,100,wikipedia;transfermarkt;sofascore
ivory-coast_4,Ivory Coast,E,Jean Michaël Seri,,4,MF,1991-07-19,34,"5' 7""",161 lbs,Maribor,,False,65,4,100000,€100k,178614,305282,NK Maribor,PrvaLiga,False,100,wikipedia;transfermarkt;sofascore
ivory-coast_5,Ivory Coast,E,Wilfried Singo,,5,DF,2000-12-25,25,"6' 3""",174 lbs,Galatasaray,,False,34,1,23000000,€23m,648779,978285,Galatasaray,Trendyol Süper Lig,False,100,wikipedia;transfermarkt;sofascore
ivory-coast_6,Ivory Coast,E,Seko Fofana,,6,MF,1995-05-07,31,"6' 1""",183 lbs,Porto,,False,32,7,8000000,€8m,182893,191188,FC Porto,Liga Portugal Betclic,False,100,wikipedia;transfermarkt;sofascore
ivory-coast_7,Ivory Coast,E,Odilon Kossounou,,7,DF,2001-01-04,25,"6' 3""",183 lbs,Atalanta,Serie A,True,35,0,15000000,€15m,644771,973437,Atalanta,Serie A,False,100,wikipedia;transfermarkt;sofascore
ivory-coast_8,Ivory Coast,E,Franck Kessié(captain),Franck Kessié,8,MF,1996-12-19,29,"6' 0""",196 lbs,Al-Ahli,Saudi Pro League,True,103,15,,,,,,,False,50,wikipedia
ivory-coast_9,Ivory Coast,E,Ange-Yoan Bonny,,9,FW,2003-10-25,22,"6' 2""",183 lbs,Inter Milan,Serie A,True,1,0,35000000,€35m,827734,1086223,Inter,Serie A,False,100,wikipedia;transfermarkt;sofascore
ivory-coast_10,Ivory Coast,E,Simon Adingra,,10,FW,2002-01-01,24,"5' 9""",150 lbs,Monaco,Ligue 1,True,29,5,22000000,€22m,658536,1110842,AS Monaco,Ligue 1,False,100,wikipedia;transfermarkt;sofascore
ivory-coast_11,Ivory Coast,E,Yan Diomande,,11,FW,2006-11-14,19,"5' 11""",168 lbs,RB Leipzig,Bundesliga,True,10,3,90000000,€90m,1390649,2087085,RB Leipzig,Bundesliga,False,100,wikipedia;transfermarkt;sofascore
ivory-coast_12,Ivory Coast,E,Elye Wahi,,12,FW,2003-01-02,23,"6' 0""",161 lbs,Nice,Ligue 1,True,2,0,18000000,€18m,659542,979315,Nice,Ligue 1,False,100,wikipedia;transfermarkt;sofascore
ivory-coast_13,Ivory Coast,E,Christopher Opéri,Christopher Operi,13,DF,1997-04-29,29,"6' 0""",174 lbs,İstanbul Başakşehir,,False,12,0,4000000,€4m,469976,858977,Başakşehir FK,Trendyol Süper Lig,False,100,wikipedia;transfermarkt;sofascore
ivory-coast_14,Ivory Coast,E,Oumar Diakité,,14,FW,2003-12-20,22,"6' 1""",170 lbs,Cercle Brugge,,False,29,6,5000000,€5m,847279,1188191,Cercle Brugge,Pro League,False,100,wikipedia;transfermarkt;sofascore
ivory-coast_15,Ivory Coast,E,Amad Diallo,Amad,15,FW,2002-07-11,23,"5' 8""",159 lbs,Manchester United,Premier League,True,19,6,45000000,€45m,536835,971037,Manchester United,Premier League,False,100,wikipedia;transfermarkt;sofascore
ivory-coast_16,Ivory Coast,E,Mohamed Koné,,16,GK,2002-03-07,24,"6' 1""",172 lbs,Charleroi,,False,0,0,2000000,€2m,911985,1131009,RC Sporting Charleroi,Pro League,False,95,wikipedia;transfermarkt;sofascore
ivory-coast_17,Ivory Coast,E,Guéla Doué,Guela Doué,17,DF,2002-10-17,23,"6' 2""",192 lbs,Strasbourg,Ligue 1,True,20,3,20000000,€20m,711980,1002033,RC Strasbourg,Ligue 1,False,100,wikipedia;transfermarkt;sofascore
ivory-coast_18,Ivory Coast,E,Ibrahim Sangaré,,18,MF,1997-12-02,28,"6' 3""",170 lbs,Nottingham Forest,Premier League,True,58,12,20000000,€20m,375885,843754,Nottingham Forest,Championship,False,100,wikipedia;transfermarkt;sofascore
ivory-coast_19,Ivory Coast,E,Nicolas Pépé,,19,FW,1995-05-29,31,"6' 0""",163 lbs,Villarreal,La Liga,True,55,12,6000000,€6m,343052,593526,Villarreal,LaLiga,False,100,wikipedia;transfermarkt;sofascore
ivory-coast_20,Ivory Coast,E,Emmanuel Agbadou,,20,DF,1997-06-17,28,"6' 4""",185 lbs,Beşiktaş,,False,20,2,16000000,€16m,683895,1013842,Beşiktaş JK,Trendyol Süper Lig,False,100,wikipedia;transfermarkt;sofascore
ivory-coast_21,Ivory Coast,E,Evan Ndicka,,21,DF,1999-08-20,26,"6' 4""",185 lbs,Roma,Serie A,True,28,0,35000000,€35m,371149,848287,AS Roma,Serie A,False,100,wikipedia;transfermarkt;sofascore
ivory-coast_22,Ivory Coast,E,Evann Guessand,,22,FW,2001-07-01,24,"6' 2""",181 lbs,Crystal Palace,Premier League,True,21,4,25000000,€25m,500689,930245,Crystal Palace,Premier League,False,100,wikipedia;transfermarkt;sofascore
ivory-coast_23,Ivory Coast,E,Alban Lafont,,23,GK,1999-01-23,27,"6' 5""",185 lbs,Panathinaikos,,False,4,0,3000000,€3m,357117,826201,Panathinaikos FC,Greek Football Cup,False,100,wikipedia;transfermarkt;sofascore
ivory-coast_24,Ivory Coast,E,Bazoumana Touré,,24,FW,2006-03-02,20,"5' 10""",152 lbs,TSG Hoffenheim,Bundesliga,True,6,2,40000000,€40m,1067904,1568123,TSG Hoffenheim,Bundesliga,False,100,wikipedia;transfermarkt;sofascore
ivory-coast_25,Ivory Coast,E,Parfait Guiagon,,25,MF,2001-02-22,25,"5' 7""",152 lbs,Charleroi,,False,5,0,5000000,€5m,624913,1030459,RC Sporting Charleroi,Pro League,False,100,wikipedia;transfermarkt;sofascore
ivory-coast_26,Ivory Coast,E,Christ Inao Oulaï,,26,MF,2006-04-06,20,"5' 8""",150 lbs,Trabzonspor,,False,9,0,23000000,€23m,1279526,1888002,Trabzonspor,Trendyol Süper Lig,False,100,wikipedia;transfermarkt;sofascore
japan_1,Japan,F,Zion Suzuki,,1,GK,2002-08-21,23,"6' 3""",218 lbs,Parma,Serie A,True,24,0,20000000,€20m,432298,905351,Parma,Serie B,False,100,wikipedia;transfermarkt;sofascore
japan_2,Japan,F,Yukinari Sugawara,,2,DF,2000-06-28,25,"5' 10""",157 lbs,Werder Bremen,Bundesliga,True,21,2,5500000,€5.5m,405385,905347,SV Werder Bremen,2. Bundesliga,False,100,wikipedia;transfermarkt;sofascore
japan_3,Japan,F,Shōgo Taniguchi,Shogo Taniguchi,3,DF,1991-07-15,34,"6' 1""",163 lbs,Sint-Truiden,,False,38,1,750000,€750k,307870,386958,Sint-Truidense VV,Pro League,False,100,wikipedia;transfermarkt;sofascore
japan_4,Japan,F,Kō Itakura,Kou Itakura,4,DF,1997-01-27,29,"6' 2""",174 lbs,Ajax,,False,40,2,8000000,€8m,355816,790989,AFC Ajax,VriendenLoterij Eredivisie,False,100,wikipedia;transfermarkt;sofascore
japan_5,Japan,F,Yūto Nagatomo,Yuto Nagatomo,5,DF,1986-09-12,39,"5' 7""",150 lbs,FC Tokyo,,False,145,4,100000,€100k,79522,34639,FC Tokyo,J1 League,False,100,wikipedia;transfermarkt;sofascore
japan_6,Japan,F,Wataru Endo(captain),Wataru Endo,6,MF,1993-02-09,33,"5' 10""",170 lbs,Liverpool,Premier League,True,73,4,,,,,,,False,50,wikipedia
japan_7,Japan,F,Ao Tanaka,,7,MF,1998-09-10,27,"5' 11""",163 lbs,Leeds United,,True,38,8,13000000,€13m,489359,871886,Leeds United,Premier League,False,100,wikipedia;transfermarkt;sofascore
japan_8,Japan,F,Takefusa Kubo,,8,FW,2001-06-04,25,"5' 8""",148 lbs,Real Sociedad,La Liga,True,49,7,20000000,€20m,405398,880218,Real Sociedad,LaLiga,False,100,wikipedia;transfermarkt;sofascore
japan_9,Japan,F,Keisuke Gotō,Keisuke Goto,9,FW,2005-06-03,21,"6' 3""",152 lbs,Sint-Truiden,,False,4,0,10000000,€10m,916623,1391315,Sint-Truidense VV,Pro League,False,100,wikipedia;transfermarkt;sofascore
japan_10,Japan,F,Ritsu Dōan,Ritsu Doan,10,MF,1998-06-16,27,"5' 8""",152 lbs,Eintracht Frankfurt,Bundesliga,True,65,11,17000000,€17m,358504,790965,Eintracht Frankfurt,Bundesliga,False,100,wikipedia;transfermarkt;sofascore
japan_11,Japan,F,Daizen Maeda,,11,FW,1997-10-20,28,"5' 8""",148 lbs,Celtic,,False,27,4,13000000,€13m,420931,832420,Celtic,Scottish Premiership,False,100,wikipedia;transfermarkt;sofascore
japan_12,Japan,F,Keisuke Ōsako,Keisuke Osako,12,GK,1999-07-28,26,"6' 2""",192 lbs,Sanfrecce Hiroshima,,False,11,0,2000000,€2m,415521,,,,False,75,wikipedia;transfermarkt
japan_13,Japan,F,Keito Nakamura,,13,FW,2000-07-28,25,"5' 11""",161 lbs,Reims,Ligue 1,True,25,10,10000000,€10m,405397,905352,Stade de Reims,Ligue 1,False,100,wikipedia;transfermarkt;sofascore
japan_14,Japan,F,Junya Itō,Junya Ito,14,FW,1993-03-09,33,"5' 10""",150 lbs,Genk,,False,69,15,3000000,€3m,348791,783278,KRC Genk,Pro League,False,100,wikipedia;transfermarkt;sofascore
japan_15,Japan,F,Daichi Kamada,,15,MF,1996-08-05,29,"5' 11""",159 lbs,Crystal Palace,Premier League,True,49,12,10000000,€10m,356141,794338,Crystal Palace,Premier League,False,100,wikipedia;transfermarkt;sofascore
japan_16,Japan,F,Tsuyoshi Watanabe,,16,DF,1997-02-05,29,"6' 0""",168 lbs,Feyenoord,,False,11,0,10000000,€10m,598791,942213,Feyenoord,VriendenLoterij Eredivisie,False,100,wikipedia;transfermarkt;sofascore
japan_17,Japan,F,Yuito Suzuki,,17,MF,2001-10-25,24,"5' 9""",157 lbs,SC Freiburg,Bundesliga,True,6,0,24000000,€24m,668606,1020422,SC Freiburg,Bundesliga,False,100,wikipedia;transfermarkt;sofascore
japan_18,Japan,F,Ayase Ueda,,18,FW,1998-08-28,27,"6' 0""",168 lbs,Feyenoord,,False,39,16,17000000,€17m,589128,985823,Feyenoord,VriendenLoterij Eredivisie,False,100,wikipedia;transfermarkt;sofascore
japan_19,Japan,F,Kōki Ogawa,Koki Ogawa,19,FW,1997-08-08,28,"6' 1""",172 lbs,NEC,,False,15,11,2000000,€2m,351567,831860,NEC Nijmegen,VriendenLoterij Eredivisie,False,100,wikipedia;transfermarkt;sofascore
japan_20,Japan,F,Ayumu Seko,,20,DF,2000-06-07,26,"6' 1""",179 lbs,Le Havre,Ligue 1,False,14,0,5000000,€5m,405389,873221,Le Havre,Ligue 2,False,100,wikipedia;transfermarkt;sofascore
japan_21,Japan,F,Hiroki Itō,Hiroki Ito,21,DF,1999-05-12,27,"6' 2""",183 lbs,Bayern Munich,Bundesliga,True,24,1,18000000,€18m,353892,873106,FC Bayern München,Bundesliga,False,100,wikipedia;transfermarkt;sofascore
japan_22,Japan,F,Takehiro Tomiyasu,,22,DF,1998-11-05,27,"6' 2""",183 lbs,Ajax,,False,43,1,5000000,€5m,331560,804434,AFC Ajax,VriendenLoterij Eredivisie,False,100,wikipedia;transfermarkt;sofascore
japan_23,Japan,F,Tomoki Hayakawa,,23,GK,1999-03-03,27,"6' 2""",179 lbs,Kashima Antlers,,False,4,0,2000000,€2m,683271,1100230,Kashima Antlers,J1 League,False,100,wikipedia;transfermarkt;sofascore
japan_24,Japan,F,Kaishū Sano,Kaishu Sano,24,MF,2000-12-30,25,"5' 9""",148 lbs,Mainz 05,,True,13,0,40000000,€40m,643574,1028307,1. FSV Mainz 05,Bundesliga,False,100,wikipedia;transfermarkt;sofascore
japan_25,Japan,F,Junnosuke Suzuki,,25,DF,2003-07-12,22,"5' 11""",157 lbs,Copenhagen,,False,6,0,3500000,€3.5m,848856,1171902,FC København,Danish Superliga,False,100,wikipedia;transfermarkt;sofascore
japan_26,Japan,F,Kento Shiogai,,26,FW,2005-03-26,21,"5' 11""",170 lbs,VfL Wolfsburg,Bundesliga,True,2,0,8000000,€8m,1144627,1499696,VfL Wolfsburg,Bundesliga,False,100,wikipedia;transfermarkt;sofascore
jordan_1,Jordan,J,Yazeed Abulaila,,1,GK,1993-01-08,33,"6' 2""",192 lbs,Al-Hussein,,False,76,0,300000,€300k,261850,,,,False,75,wikipedia;transfermarkt
jordan_2,Jordan,J,Mohammad Abu Hashish,Mohammad Abu Hasheesh,2,DF,1995-05-09,31,"5' 10""",161 lbs,Al-Karma,,False,56,1,,,,,,,False,50,wikipedia
jordan_3,Jordan,J,Abdallah Nasib,,3,DF,1994-02-25,32,"6' 0""",172 lbs,Al-Zawraa,,False,65,3,400000,€400k,882197,1114497,Al-Zawraa,AFC Champions League Elite,False,100,wikipedia;transfermarkt;sofascore
jordan_4,Jordan,J,Husam Abu Dahab,,4,DF,2000-05-13,26,"6' 1""",179 lbs,Al-Faisaly,,False,18,0,350000,€350k,895291,1122369,Al Faisaly SC,Jordan Pro League,False,100,wikipedia;transfermarkt;sofascore
jordan_5,Jordan,J,Yazan Al-Arab,,5,DF,1996-01-31,30,"6' 1""",192 lbs,FC Seoul,,False,80,3,1000000,€1m,539961,888906,FC Seoul,K League 1,False,100,wikipedia;transfermarkt;sofascore
jordan_6,Jordan,J,Amer Jamous,,6,MF,2002-07-03,23,"5' 10""",168 lbs,Al-Zawraa,,False,19,1,500000,€500k,744040,1019495,Al-Zawraa,AFC Champions League Elite,False,100,wikipedia;transfermarkt;sofascore
jordan_7,Jordan,J,Mohammad Abu Zrayq,Mohammed Abu Zraiq,7,FW,1997-12-30,28,,,Raja Casablanca,,False,41,5,,,,986341,Raja Club Athletic,Botola Pro,False,75,wikipedia;sofascore
jordan_8,Jordan,J,Noor Al-Rawabdeh,,8,MF,1997-02-24,29,"6' 0""",163 lbs,Selangor,,False,68,3,500000,€500k,561485,,,,False,75,wikipedia;transfermarkt
jordan_9,Jordan,J,Ali Olwan,,9,FW,2000-03-26,26,"6' 0""",179 lbs,Al-Sailiya,,False,66,29,800000,€800k,664057,980728,Al-Sailiya,Stars League,False,100,wikipedia;transfermarkt;sofascore
jordan_10,Jordan,J,Musa Al-Taamari,Mousa Al-Tamari,10,FW,1997-06-10,29,,,Rennes,Ligue 1,True,92,24,,,,,,,False,50,wikipedia
jordan_11,Jordan,J,Odeh Al-Fakhouri,Odeh Fakhoury,11,FW,2005-11-22,20,,,Al-Wehdat,,False,10,1,250000,€250k,658805,974747,Al-Wehdat,Jordan Pro League,False,100,wikipedia;transfermarkt;sofascore
jordan_12,Jordan,J,Nour Bani Attiah,Nour Bani Ateyah,12,GK,1993-01-25,33,"5' 10""",168 lbs,Al-Faisaly,,False,5,0,,,,,,,False,50,wikipedia
jordan_13,Jordan,J,Mahmoud Al-Mardi,,13,FW,1993-10-06,32,"5' 8""",159 lbs,Al-Hussein,,False,89,9,350000,€350k,401086,812557,Al-Hussein Irbid,Jordan Pro League,False,100,wikipedia;transfermarkt;sofascore
jordan_14,Jordan,J,Rajaei Ayed,,14,MF,1993-07-25,32,"5' 9""",152 lbs,Al-Hussein,,False,72,0,325000,€325k,261842,786030,Al-Hussein Irbid,Jordan Pro League,False,100,wikipedia;transfermarkt;sofascore
jordan_15,Jordan,J,Ibrahim Sadeh,,15,MF,2000-04-27,26,"5' 9""",152 lbs,Al-Karma,,False,57,3,,,,997817,Al Karma SC,Iraq Stars League,False,75,wikipedia;sofascore
jordan_16,Jordan,J,Mo Abualnadi,Mohammad Abualnadi,16,DF,2001-02-08,25,"6' 1""",174 lbs,Selangor,,False,18,0,350000,€350k,658052,1158813,Selangor FC,Malaysia Super League,False,100,wikipedia;transfermarkt;sofascore
jordan_17,Jordan,J,Salim Obaid,Saleem Obaid,17,DF,1992-01-17,34,"6' 2""",181 lbs,Al-Hussein,,False,11,0,100000,€100k,658807,980664,Al-Hussein Irbid,Jordan Pro League,False,100,wikipedia;transfermarkt;sofascore
jordan_18,Jordan,J,Mohammad Taha,Mohammad Abughoush,18,DF,2005-07-13,20,"6' 0""",161 lbs,Al-Hussein,,False,2,0,300000,€300k,1252806,2048339,Al-Hussein Irbid,Jordan Pro League,False,100,wikipedia;transfermarkt;sofascore
jordan_19,Jordan,J,Saed Al-Rosan,,19,DF,1997-02-01,29,"6' 1""",183 lbs,Al-Hussein,,False,21,2,,,,,,,False,50,wikipedia
jordan_20,Jordan,J,Mohannad Abu Taha,,20,DF,2003-02-02,23,"5' 8""",168 lbs,Al-Quwa Al-Jawiya,,False,29,1,550000,€550k,883111,1114775,Al-Quwa Al-Jawiya,AFC Champions League Elite,False,100,wikipedia;transfermarkt;sofascore
jordan_21,Jordan,J,Nizar Al-Rashdan,,21,MF,1999-03-23,27,"6' 0""",161 lbs,Qatar SC,,False,47,4,600000,€600k,734751,1014324,Qatar SC,Stars League,False,100,wikipedia;transfermarkt;sofascore
jordan_22,Jordan,J,Abdallah Al-Fakhouri,,22,GK,2000-01-22,26,"6' 3""",174 lbs,Al-Wehdat,,False,11,0,250000,€250k,658805,974747,Al-Wehdat,Jordan Pro League,False,100,wikipedia;transfermarkt;sofascore
jordan_23,Jordan,J,Ihsan Haddad(captain),Ehsan Haddad,23,DF,1994-02-05,32,,,Al-Hussein,,False,92,2,,,,,,,False,50,wikipedia
jordan_24,Jordan,J,Ali Azaizeh,,24,FW,2004-04-13,22,"5' 10""",170 lbs,Al-Shabab,Saudi Pro League,True,4,0,325000,€325k,1059056,,,,False,75,wikipedia;transfermarkt
jordan_25,Jordan,J,Mohammad Al-Dawoud,Mohammad Al-Daoud,25,MF,1992-04-12,34,"6' 1""",179 lbs,Al-Wehdat,,False,13,1,150000,€150k,310801,,,,False,75,wikipedia;transfermarkt
jordan_26,Jordan,J,Anas Badawi,,26,DF,1997-09-13,28,"5' 9""",152 lbs,Al-Faisaly,,False,1,0,200000,€200k,1378902,2239188,Al Faisaly SC,Jordan Pro League,False,100,wikipedia;transfermarkt;sofascore
mexico_1,Mexico,A,Raúl Rangel,,1,GK,2000-02-25,26,"6' 3""",192 lbs,Guadalajara,,False,14,0,6500000,€6.5m,802855,990408,CD Guadalajara,"Liga MX, Clausura",False,100,wikipedia;transfermarkt;sofascore
mexico_2,Mexico,A,Jorge Sánchez,,2,DF,1997-12-10,28,"5' 9""",150 lbs,PAOK,,False,59,3,2000000,€2m,356044,832868,PAOK,Greek Football Cup,False,100,wikipedia;transfermarkt;sofascore
mexico_3,Mexico,A,César Montes,,3,DF,1997-02-24,29,"6' 5""",194 lbs,Lokomotiv Moscow,,False,67,4,7500000,€7.5m,387687,818406,Lokomotiv Moscow,Russian Premier League,False,100,wikipedia;transfermarkt;sofascore
mexico_4,Mexico,A,Edson Álvarez(captain),Edson Álvarez,4,MF,1997-10-24,28,"6' 3""",168 lbs,Fenerbahçe,,False,98,7,,,,,,,False,50,wikipedia
mexico_5,Mexico,A,Johan Vásquez,,5,DF,1998-10-22,27,"6' 0""",172 lbs,Genoa,Serie A,True,46,3,12000000,€12m,532937,889785,Genoa,Serie A,False,100,wikipedia;transfermarkt;sofascore
mexico_6,Mexico,A,Érik Lira,Erik Lira,6,MF,2000-05-08,26,"5' 8""",152 lbs,Cruz Azul,,False,25,0,12000000,€12m,602324,944068,Cruz Azul,"Liga MX, Clausura",False,100,wikipedia;transfermarkt;sofascore
mexico_7,Mexico,A,Luis Romo,,7,MF,1995-06-05,31,"6' 0""",172 lbs,Guadalajara,,False,63,4,3000000,€3m,532938,1172773,CD Guadalajara,"Liga MX, Clausura",False,100,wikipedia;transfermarkt;sofascore
mexico_8,Mexico,A,Álvaro Fidalgo,,8,MF,1997-04-09,29,"5' 9""",150 lbs,Real Betis,La Liga,True,4,0,6000000,€6m,261503,838629,Real Betis,LaLiga,False,100,wikipedia;transfermarkt;sofascore
mexico_9,Mexico,A,Raúl Jiménez,,9,FW,1991-05-05,35,"6' 2""",168 lbs,Fulham,Premier League,True,124,45,3000000,€3m,206040,192442,Fulham,Championship,False,100,wikipedia;transfermarkt;sofascore
mexico_10,Mexico,A,Alexis Vega,,10,FW,1997-11-25,28,"5' 9""",168 lbs,Toluca,,False,52,7,8000000,€8m,424689,815637,CD Toluca,"Liga MX, Clausura",False,100,wikipedia;transfermarkt;sofascore
mexico_11,Mexico,A,Santiago Giménez,Santiago Gimenez,11,FW,2001-04-18,25,"6' 1""",172 lbs,Milan,Serie A,True,47,6,18000000,€18m,552955,892141,AC Milan,Serie A,False,100,wikipedia;transfermarkt;sofascore
mexico_12,Mexico,A,Carlos Acevedo,,12,GK,1996-04-19,30,"6' 0""",161 lbs,Santos Laguna,,False,7,0,2800000,€2.8m,356042,840519,Santos Laguna,"Liga MX, Clausura",False,100,wikipedia;transfermarkt;sofascore
mexico_13,Mexico,A,Guillermo Ochoa,,13,GK,1985-07-13,40,"6' 3""",185 lbs,AEL Limassol,,False,152,0,250000,€250k,29559,15497,AEL Limassol,Cyprus League by Stoiximan,False,100,wikipedia;transfermarkt;sofascore
mexico_14,Mexico,A,Armando González,,14,FW,2003-04-20,23,"5' 10""",148 lbs,Guadalajara,,False,7,1,15000000,€15m,837619,1595162,CD Guadalajara,"Liga MX, Clausura",False,100,wikipedia;transfermarkt;sofascore
mexico_15,Mexico,A,Israel Reyes,,15,DF,2000-05-23,26,"5' 10""",161 lbs,América,,False,34,2,6500000,€6.5m,687558,989236,Club América,"Liga MX, Clausura",False,100,wikipedia;transfermarkt;sofascore
mexico_16,Mexico,A,Julián Quiñones,,16,FW,1997-03-24,29,"5' 11""",172 lbs,Al-Qadsiah,Saudi Pro League,True,22,2,14000000,€14m,416090,843114,Al-Qadsiah,King's Cup,False,100,wikipedia;transfermarkt;sofascore
mexico_17,Mexico,A,Orbelín Pineda,,17,MF,1996-03-24,30,"5' 7""",141 lbs,AEK Athens,,False,92,12,7000000,€7m,334042,850404,AEK Athens,Greek Football Cup,False,100,wikipedia;transfermarkt;sofascore
mexico_18,Mexico,A,Obed Vargas,,18,MF,2005-08-05,20,"5' 9""",150 lbs,Atlético Madrid,La Liga,True,6,0,10000000,€10m,889435,1119345,Atlético Madrid,LaLiga,False,100,wikipedia;transfermarkt;sofascore
mexico_19,Mexico,A,Gilberto Mora,,19,MF,2008-10-14,17,"5' 6""",137 lbs,Tijuana,,False,8,0,10000000,€10m,1155723,1914576,Club Tijuana,"Liga MX, Apertura",False,100,wikipedia;transfermarkt;sofascore
mexico_20,Mexico,A,Mateo Chávez,,20,DF,2004-05-12,22,"5' 10""",161 lbs,AZ,,False,10,0,4000000,€4m,1066953,1638685,AZ Alkmaar,VriendenLoterij Eredivisie,False,100,wikipedia;transfermarkt;sofascore
mexico_21,Mexico,A,César Huerta,,21,MF,2000-12-03,25,"5' 7""",132 lbs,Anderlecht,,False,26,3,3500000,€3.5m,540315,905257,RSC Anderlecht,Pro League,False,100,wikipedia;transfermarkt;sofascore
mexico_22,Mexico,A,Guillermo Martínez,,22,FW,1995-03-15,31,"6' 3""",201 lbs,Pumas,,False,12,3,1500000,€1.5m,347932,795282,Pumas UNAM,"Liga MX, Apertura",False,100,wikipedia;transfermarkt;sofascore
mexico_23,Mexico,A,Jesús Gallardo,,23,DF,1994-08-15,31,"5' 10""",172 lbs,Toluca,,False,121,3,2800000,€2.8m,344854,770253,CD Toluca,"Liga MX, Clausura",False,100,wikipedia;transfermarkt;sofascore
mexico_24,Mexico,A,Luis Chávez,,24,MF,1996-01-15,30,"5' 10""",161 lbs,Dynamo Moscow,,False,45,5,6000000,€6m,331059,757770,Dynamo Moscow,Russian Premier League,False,100,wikipedia;transfermarkt;sofascore
mexico_25,Mexico,A,Roberto Alvarado,,25,FW,1998-09-07,27,"5' 9""",152 lbs,Guadalajara,,False,67,5,7500000,€7.5m,353583,865500,CD Guadalajara,"Liga MX, Clausura",False,100,wikipedia;transfermarkt;sofascore
mexico_26,Mexico,A,Brian Gutiérrez,,26,MF,2003-06-17,22,"5' 10""",159 lbs,Guadalajara,,False,7,2,8000000,€8m,724443,1023088,CD Guadalajara,"Liga MX, Clausura",False,100,wikipedia;transfermarkt;sofascore
morocco_1,Morocco,C,Yassine Bounou,,1,GK,1991-04-05,35,"6' 4""",170 lbs,Al-Hilal,Saudi Pro League,True,90,0,3000000,€3m,207834,,,,False,75,wikipedia;transfermarkt
morocco_2,Morocco,C,Achraf Hakimi(captain),Achraf Hakimi,2,DF,1998-11-04,27,"5' 11""",172 lbs,Paris Saint-Germain,Ligue 1,True,96,11,,,,,,,False,50,wikipedia
morocco_3,Morocco,C,Noussair Mazraoui,,3,DF,1997-11-14,28,"6' 0""",172 lbs,Manchester United,Premier League,True,45,2,18000000,€18m,340456,847030,Manchester United,Premier League,False,100,wikipedia;transfermarkt;sofascore
morocco_4,Morocco,C,Sofyan Amrabat,,4,MF,1996-08-21,29,"6' 1""",185 lbs,Real Betis,La Liga,True,75,0,10000000,€10m,287579,359272,Real Betis,LaLiga,False,100,wikipedia;transfermarkt;sofascore
morocco_5,Morocco,C,Nayef Aguerd,,5,DF,1996-03-30,30,"6' 3""",174 lbs,Marseille,Ligue 1,True,64,2,15000000,€15m,361914,877102,Olympique de Marseille,Ligue 1,False,100,wikipedia;transfermarkt;sofascore
morocco_6,Morocco,C,Ayyoub Bouaddi,,6,MF,2007-10-02,18,"6' 1""",163 lbs,Lille,Ligue 1,True,4,0,50000000,€50m,1097139,1564180,Lille,Ligue 1,False,100,wikipedia;transfermarkt;sofascore
morocco_7,Morocco,C,Chemsdine Talbi,,7,FW,2005-05-09,21,"5' 9""",152 lbs,Sunderland,,False,5,0,25000000,€25m,743384,1142675,Sunderland,League One,False,100,wikipedia;transfermarkt;sofascore
morocco_8,Morocco,C,Azzedine Ounahi,,8,MF,2000-04-19,26,"6' 0""",141 lbs,Girona,La Liga,False,49,9,10000000,€10m,593482,991421,Girona FC,LaLiga 2,False,100,wikipedia;transfermarkt;sofascore
morocco_9,Morocco,C,Soufiane Rahimi,,9,FW,1996-06-02,30,"5' 11""",163 lbs,Al Ain,,False,37,12,6000000,€6m,598506,953995,Al-Ain,UAE Pro League,False,100,wikipedia;transfermarkt;sofascore
morocco_10,Morocco,C,Brahim Díaz,,10,MF,1999-08-03,26,"5' 7""",150 lbs,Real Madrid,La Liga,True,26,14,35000000,€35m,314678,835485,Real Madrid,LaLiga,False,100,wikipedia;transfermarkt;sofascore
morocco_11,Morocco,C,Ismael Saibari,,11,MF,2001-01-28,25,"6' 1""",179 lbs,PSV Eindhoven,,False,31,9,40000000,€40m,702869,1063767,PSV Eindhoven,VriendenLoterij Eredivisie,False,100,wikipedia;transfermarkt;sofascore
morocco_12,Morocco,C,Munir Mohamedi,Munir El Kajoui,12,GK,1989-05-10,37,,,RS Berkane,,False,53,0,,,,,,,False,50,wikipedia
morocco_13,Morocco,C,Zakaria El Ouahdi,,13,DF,2001-12-31,24,"5' 7""",150 lbs,Genk,,False,3,0,17000000,€17m,820474,1134470,KRC Genk,Pro League,False,100,wikipedia;transfermarkt;sofascore
morocco_14,Morocco,C,Issa Diop,,14,DF,1997-01-09,29,"6' 4""",192 lbs,Fulham,Premier League,True,4,0,8000000,€8m,272622,825719,Fulham,Championship,False,100,wikipedia;transfermarkt;sofascore
morocco_15,Morocco,C,Samir El Mourabet,,15,MF,2005-10-06,20,"6' 2""",159 lbs,Strasbourg,Ligue 1,True,4,0,22000000,€22m,1130514,1605921,RC Strasbourg,Ligue 1,False,100,wikipedia;transfermarkt;sofascore
morocco_16,Morocco,C,Gessime Yassine,,16,FW,2005-11-22,20,"5' 8""",121 lbs,Strasbourg,Ligue 1,True,5,0,12000000,€12m,1151929,1638338,RC Strasbourg,Ligue 1,False,100,wikipedia;transfermarkt;sofascore
morocco_17,Morocco,C,Abde Ezzalzouli,,17,FW,2001-12-17,24,"5' 10""",161 lbs,Real Betis,La Liga,True,37,2,40000000,€40m,724520,1011375,Real Betis,LaLiga,False,100,wikipedia;transfermarkt;sofascore
morocco_18,Morocco,C,Chadi Riad,,18,DF,2003-06-17,22,"6' 1""",172 lbs,Crystal Palace,Premier League,True,6,1,15000000,€15m,689637,1064218,Crystal Palace,Premier League,False,100,wikipedia;transfermarkt;sofascore
morocco_19,Morocco,C,Youssef Belammari,,19,DF,1998-09-20,27,"5' 9""",152 lbs,Al Ahly,,False,19,0,1200000,€1.2m,518804,919484,Al Ahly FC,Egyptian Premier League,False,100,wikipedia;transfermarkt;sofascore
morocco_20,Morocco,C,Ayoub El Kaabi,,20,FW,1993-06-25,32,"6' 0""",174 lbs,Olympiacos,,False,71,35,4500000,€4.5m,521127,919793,Olympiacos FC,Greek Football Cup,False,100,wikipedia;transfermarkt;sofascore
morocco_21,Morocco,C,Ayoube Amaimouni,,21,FW,2004-11-30,21,"5' 10""",152 lbs,Eintracht Frankfurt,Bundesliga,True,2,0,,,,,,,False,50,wikipedia
morocco_22,Morocco,C,Ahmed Reda Tagnaouti,,22,GK,1996-04-05,30,"6' 4""",183 lbs,AS FAR,,False,3,0,1000000,€1m,238997,359280,AS FAR Rabat,Botola Pro,False,100,wikipedia;transfermarkt;sofascore
morocco_23,Morocco,C,Bilal El Khannouss,,23,MF,2004-05-10,22,"5' 11""",152 lbs,VfB Stuttgart,Bundesliga,True,37,3,35000000,€35m,654982,1126569,VfB Stuttgart,Bundesliga,False,100,wikipedia;transfermarkt;sofascore
morocco_24,Morocco,C,Neil El Aynaoui,,24,MF,2001-07-02,24,"6' 1""",174 lbs,Roma,Serie A,True,16,2,23000000,€23m,901019,1128530,AS Roma,Serie A,False,100,wikipedia;transfermarkt;sofascore
morocco_25,Morocco,C,Redouane Halhal,,25,DF,2003-03-05,23,"6' 2""",181 lbs,Mechelen,,False,3,0,5000000,€5m,913660,1143667,KV Mechelen,Pro League,False,100,wikipedia;transfermarkt;sofascore
morocco_26,Morocco,C,Anass Salah-Eddine,,26,DF,2002-01-18,24,"5' 11""",146 lbs,PSV Eindhoven,,False,9,0,12000000,€12m,485584,961684,PSV Eindhoven,VriendenLoterij Eredivisie,False,100,wikipedia;transfermarkt;sofascore
netherlands_1,Netherlands,F,Bart Verbruggen,,1,GK,2002-08-18,23,"6' 4""",194 lbs,Brighton & Hove Albion,Premier League,True,28,0,40000000,€40m,565093,994363,Brighton & Hove Albion,Premier League,False,100,wikipedia;transfermarkt;sofascore
netherlands_3,Netherlands,F,Marten de Roon,,3,MF,1991-03-29,35,"6' 1""",168 lbs,Atalanta,Serie A,True,43,1,3200000,€3.2m,133179,100389,Atalanta,Serie A,False,100,wikipedia;transfermarkt;sofascore
netherlands_4,Netherlands,F,Virgil van Dijk(captain),Virgil van Dijk,4,DF,1991-07-08,34,"6' 5""",203 lbs,Liverpool,Premier League,True,91,12,,,,,,,False,50,wikipedia
netherlands_5,Netherlands,F,Nathan Aké,,5,DF,1995-02-18,31,"5' 11""",183 lbs,Manchester City,Premier League,True,59,5,12000000,€12m,177476,149663,Manchester City,Premier League,False,100,wikipedia;transfermarkt;sofascore
netherlands_6,Netherlands,F,Jan Paul van Hecke,,6,DF,2000-06-08,26,"6' 2""",172 lbs,Brighton & Hove Albion,Premier League,True,11,0,45000000,€45m,576314,962012,Brighton & Hove Albion,Premier League,False,100,wikipedia;transfermarkt;sofascore
netherlands_7,Netherlands,F,Justin Kluivert,,7,FW,1999-05-05,27,"5' 8""",146 lbs,Bournemouth,Premier League,True,12,0,25000000,€25m,330659,851596,Bournemouth,Championship,False,100,wikipedia;transfermarkt;sofascore
netherlands_8,Netherlands,F,Ryan Gravenberch,,8,MF,2002-05-16,24,"6' 3""",183 lbs,Liverpool,Premier League,True,26,1,80000000,€80m,478573,904897,Liverpool FC,Premier League,False,100,wikipedia;transfermarkt;sofascore
netherlands_9,Netherlands,F,Wout Weghorst,,9,FW,1992-08-07,33,"6' 6""",196 lbs,Ajax,,False,52,14,2000000,€2m,228645,252215,AFC Ajax,VriendenLoterij Eredivisie,False,100,wikipedia;transfermarkt;sofascore
netherlands_10,Netherlands,F,Memphis Depay,,10,FW,1994-02-13,32,"5' 10""",172 lbs,Corinthians,,False,109,55,7000000,€7m,167850,138833,Corinthians,Brasileirão Betano,False,100,wikipedia;transfermarkt;sofascore
netherlands_11,Netherlands,F,Cody Gakpo,,11,FW,1999-05-07,27,"6' 4""",172 lbs,Liverpool,Premier League,True,49,19,60000000,€60m,434675,862967,Liverpool FC,Premier League,False,100,wikipedia;transfermarkt;sofascore
netherlands_12,Netherlands,F,Mats Wieffer,,12,MF,1999-11-16,26,"6' 2""",172 lbs,Brighton & Hove Albion,Premier League,True,15,1,25000000,€25m,415381,959628,Brighton & Hove Albion,Premier League,False,100,wikipedia;transfermarkt;sofascore
netherlands_13,Netherlands,F,Robin Roefs,,13,GK,2003-01-17,23,"6' 4""",159 lbs,Sunderland,,False,1,0,28000000,€28m,646991,1012928,Sunderland,League One,False,100,wikipedia;transfermarkt;sofascore
netherlands_14,Netherlands,F,Tijjani Reijnders,,14,MF,1998-07-29,27,"5' 10""",174 lbs,Manchester City,Premier League,True,31,7,50000000,€50m,460939,893549,Manchester City,Premier League,False,100,wikipedia;transfermarkt;sofascore
netherlands_15,Netherlands,F,Micky van de Ven,,15,DF,2001-04-19,25,"6' 4""",179 lbs,Tottenham Hotspur,Premier League,True,20,1,50000000,€50m,557459,998247,Tottenham Hotspur,Premier League,False,100,wikipedia;transfermarkt;sofascore
netherlands_16,Netherlands,F,Guus Til,,16,MF,1997-12-22,28,"6' 2""",172 lbs,PSV Eindhoven,,False,6,1,15000000,€15m,372267,845798,PSV Eindhoven,VriendenLoterij Eredivisie,False,100,wikipedia;transfermarkt;sofascore
netherlands_17,Netherlands,F,Noa Lang,,17,FW,1999-06-17,26,"5' 9""",152 lbs,Galatasaray,,False,15,3,22000000,€22m,339332,875136,Galatasaray,Trendyol Süper Lig,False,100,wikipedia;transfermarkt;sofascore
netherlands_18,Netherlands,F,Donyell Malen,,18,FW,1999-01-19,27,"5' 10""",150 lbs,Roma,Serie A,True,52,13,45000000,€45m,326029,803039,AS Roma,Serie A,False,100,wikipedia;transfermarkt;sofascore
netherlands_19,Netherlands,F,Brian Brobbey,,19,FW,2002-02-01,24,"5' 11""",174 lbs,Sunderland,,False,11,1,30000000,€30m,473169,910048,Sunderland,League One,False,100,wikipedia;transfermarkt;sofascore
netherlands_20,Netherlands,F,Teun Koopmeiners,,20,MF,1998-02-28,28,"6' 1""",183 lbs,Juventus,Serie A,True,28,3,14000000,€14m,360518,803033,Juventus,Serie A,False,100,wikipedia;transfermarkt;sofascore
netherlands_21,Netherlands,F,Frenkie de Jong,,21,MF,1997-05-12,29,"5' 11""",161 lbs,Barcelona,La Liga,True,65,2,35000000,€35m,326330,795222,FC Barcelona,LaLiga,False,100,wikipedia;transfermarkt;sofascore
netherlands_22,Netherlands,F,Denzel Dumfries,,22,DF,1996-04-18,30,"6' 2""",174 lbs,Inter Milan,Serie A,True,71,11,25000000,€25m,321528,759520,Inter,Serie A,False,100,wikipedia;transfermarkt;sofascore
netherlands_23,Netherlands,F,Mark Flekken,,23,GK,1993-06-13,32,"6' 5""",192 lbs,Bayer Leverkusen,Bundesliga,True,11,0,6000000,€6m,125714,171919,Bayer 04 Leverkusen,Bundesliga,False,100,wikipedia;transfermarkt;sofascore
netherlands_24,Netherlands,F,Crysencio Summerville,,24,FW,2001-10-30,24,"5' 8""",139 lbs,West Ham United,Premier League,True,1,0,35000000,€35m,474701,917005,West Ham United,Premier League,False,100,wikipedia;transfermarkt;sofascore
netherlands_25,Netherlands,F,Jorrel Hato,,25,DF,2006-03-07,20,"6' 0""",170 lbs,Chelsea,Premier League,True,8,0,40000000,€40m,904802,1153079,Chelsea,Premier League,False,100,wikipedia;transfermarkt;sofascore
netherlands_26,Netherlands,F,Jurriën Timber,,26,DF,2001-06-17,24,"5' 9""",157 lbs,Marseille,Ligue 1,True,11,1,25000000,€25m,420213,959805,Olympique de Marseille,Ligue 1,False,100,wikipedia;transfermarkt;sofascore
new-zealand_1,New Zealand,G,Max Crocombe,,1,GK,1993-08-12,32,"6' 4""",185 lbs,Millwall,,False,24,0,1000000,€1m,207843,197904,Millwall,Championship,False,100,wikipedia;transfermarkt;sofascore
new-zealand_2,New Zealand,G,Tim Payne,,2,DF,1994-01-10,32,"5' 10""",161 lbs,Wellington Phoenix,,False,51,3,350000,€350k,149901,155882,Wellington Phoenix,A-League Men,False,100,wikipedia;transfermarkt;sofascore
new-zealand_3,New Zealand,G,Francis de Vries,,3,DF,1994-11-28,31,"6' 2""",174 lbs,Auckland FC,,False,20,1,600000,€600k,207061,867714,Auckland FC,A-League Men,False,100,wikipedia;transfermarkt;sofascore
new-zealand_4,New Zealand,G,Tyler Bindon,,4,DF,2005-01-27,21,"6' 3""",185 lbs,Sheffield United,,False,25,3,3500000,€3.5m,1007720,1514870,Sheffield United,Championship,False,100,wikipedia;transfermarkt;sofascore
new-zealand_5,New Zealand,G,Michael Boxall,,5,DF,1988-08-18,37,"6' 3""",207 lbs,Minnesota United FC,,False,63,1,150000,€150k,81723,38624,Minnesota United,MLS,False,100,wikipedia;transfermarkt;sofascore
new-zealand_6,New Zealand,G,Joe Bell,,6,MF,1999-04-27,27,"6' 0""",181 lbs,Viking,,False,32,1,3500000,€3.5m,345700,822749,Viking FK,Eliteserien,False,100,wikipedia;transfermarkt;sofascore
new-zealand_7,New Zealand,G,Matthew Garbett,,7,MF,2002-04-13,24,"6' 4""",163 lbs,Peterborough United,,False,37,5,450000,€450k,617019,1002607,Peterborough United,Championship,False,100,wikipedia;transfermarkt;sofascore
new-zealand_8,New Zealand,G,Marko Stamenić,Marko Stamenic,8,MF,2002-02-19,24,"6' 2""",172 lbs,Swansea City,,False,39,3,3000000,€3m,617018,1002620,Swansea City,Championship,False,100,wikipedia;transfermarkt;sofascore
new-zealand_9,New Zealand,G,Chris Wood(captain),Chris Wood,9,FW,1991-12-07,34,"6' 3""",205 lbs,Nottingham Forest,Premier League,True,90,45,,,,,,,False,50,wikipedia
new-zealand_10,New Zealand,G,Sarpreet Singh,,10,MF,1999-02-20,27,"5' 11""",157 lbs,Wellington Phoenix,,False,28,3,500000,€500k,350357,822743,Wellington Phoenix,A-League Men,False,100,wikipedia;transfermarkt;sofascore
new-zealand_11,New Zealand,G,Elijah Just,,11,FW,2000-05-01,26,"5' 9""",152 lbs,Motherwell,,False,44,9,2500000,€2.5m,485672,905267,Motherwell,Scottish Premiership,False,100,wikipedia;transfermarkt;sofascore
new-zealand_12,New Zealand,G,Alex Paulsen,,12,GK,2002-07-04,23,"6' 0""",183 lbs,Lechia Gdańsk,,False,8,0,500000,€500k,617009,1000379,KS Lechia Gdańsk,Ekstraklasa,False,100,wikipedia;transfermarkt;sofascore
new-zealand_13,New Zealand,G,Liberato Cacace,,13,DF,2000-09-27,25,"6' 0""",181 lbs,Wrexham,,False,37,1,2500000,€2.5m,469211,905264,Wrexham,National League,False,100,wikipedia;transfermarkt;sofascore
new-zealand_14,New Zealand,G,Alex Rufer,,14,MF,1996-06-12,29,"6' 0""",163 lbs,Wellington Phoenix,,False,26,0,600000,€600k,256019,356256,Wellington Phoenix,A-League Men,False,100,wikipedia;transfermarkt;sofascore
new-zealand_15,New Zealand,G,Nando Pijnaker,,15,DF,1999-02-25,27,"6' 3""",192 lbs,Auckland FC,,False,25,0,400000,€400k,455425,982371,Auckland FC,A-League Men,False,100,wikipedia;transfermarkt;sofascore
new-zealand_16,New Zealand,G,Finn Surman,,16,DF,2003-09-23,22,"6' 3""",183 lbs,Portland Timbers,,False,19,2,1800000,€1.8m,724809,1167100,Portland Timbers,MLS,False,100,wikipedia;transfermarkt;sofascore
new-zealand_17,New Zealand,G,Kosta Barbarouses,,17,FW,1990-02-19,36,"5' 7""",150 lbs,Western Sydney Wanderers,,False,76,10,300000,€300k,50200,31857,Western Sydney Wanderers,A-League Men,False,100,wikipedia;transfermarkt;sofascore
new-zealand_18,New Zealand,G,Ben Waine,,18,FW,2001-06-11,25,"5' 10""",174 lbs,Port Vale,,False,31,9,400000,€400k,539502,944481,Port Vale,League Two,False,100,wikipedia;transfermarkt;sofascore
new-zealand_19,New Zealand,G,Ben Old,,19,FW,2002-08-13,23,"5' 8""",141 lbs,Saint-Étienne,Ligue 1,True,24,2,1800000,€1.8m,617021,1122425,Saint-Étienne,Ligue 1,False,100,wikipedia;transfermarkt;sofascore
new-zealand_20,New Zealand,G,Callum McCowatt,,20,MF,1999-04-30,27,"5' 11""",163 lbs,Silkeborg,,False,32,4,2500000,€2.5m,400797,822753,Silkeborg IF,Danish Superliga,False,100,wikipedia;transfermarkt;sofascore
new-zealand_21,New Zealand,G,Jesse Randall,,21,FW,2002-08-19,23,"5' 9""",152 lbs,Auckland FC,,False,11,2,900000,€900k,677509,1002506,Auckland FC,A-League Men,False,100,wikipedia;transfermarkt;sofascore
new-zealand_22,New Zealand,G,Michael Woud,,22,GK,1999-01-16,27,"6' 5""",194 lbs,Auckland FC,,False,6,0,400000,€400k,350347,822737,Auckland FC,A-League Men,False,100,wikipedia;transfermarkt;sofascore
new-zealand_23,New Zealand,G,Ryan Thomas,,23,MF,1994-12-20,31,"5' 9""",152 lbs,PEC Zwolle,,False,25,3,650000,€650k,203357,333571,PEC Zwolle,VriendenLoterij Eredivisie,False,100,wikipedia;transfermarkt;sofascore
new-zealand_24,New Zealand,G,Callan Elliot,,24,DF,1999-07-07,26,"5' 10""",150 lbs,Auckland FC,,False,11,0,450000,€450k,482204,959750,Auckland FC,A-League Men,False,100,wikipedia;transfermarkt;sofascore
new-zealand_25,New Zealand,G,Lachlan Bayliss,,25,MF,2002-07-24,23,"5' 10""",163 lbs,Newcastle Jets,,False,4,0,550000,€550k,1109358,1414979,Newcastle Jets,A-League Men,False,100,wikipedia;transfermarkt;sofascore
new-zealand_26,New Zealand,G,Tommy Smith,,26,DF,1990-03-31,36,"6' 2""",183 lbs,Braintree Town,,False,56,2,50000,€50k,54381,38111,Braintree Town,National League South,False,100,wikipedia;transfermarkt;sofascore
norway_1,Norway,I,Ørjan Nyland,,1,GK,1990-09-10,35,"6' 4""",196 lbs,Sevilla,La Liga,True,71,0,800000,€800k,73517,22209,Sevilla,LaLiga,False,100,wikipedia;transfermarkt;sofascore
norway_2,Norway,I,Morten Thorsby,,2,MF,1996-05-05,30,"6' 2""",159 lbs,Cremonese,,False,31,0,2800000,€2.8m,226524,280991,Cremonese,Serie B,False,100,wikipedia;transfermarkt;sofascore
norway_3,Norway,I,Kristoffer Ajer,,3,DF,1998-04-17,28,"6' 6""",203 lbs,Brentford,Premier League,True,52,2,18000000,€18m,328658,576384,Brentford,Premier League,False,100,wikipedia;transfermarkt;sofascore
norway_4,Norway,I,Leo Østigård,Leo Østigard,4,DF,1999-11-28,26,"6' 0""",179 lbs,Genoa,Serie A,True,38,1,13000000,€13m,367284,879746,Stade Rennais,Ligue 1,True,85,wikipedia;transfermarkt;sofascore
norway_5,Norway,I,David Møller Wolfe,,5,DF,2002-04-23,24,"6' 1""",172 lbs,Wolverhampton Wanderers,Premier League,True,22,1,8000000,€8m,661427,1031283,Wolverhampton,Premier League,False,100,wikipedia;transfermarkt;sofascore
norway_6,Norway,I,Patrick Berg,,6,MF,1997-11-24,28,"5' 10""",161 lbs,Bodø/Glimt,,False,43,0,8000000,€8m,308439,355174,Bodø/Glimt,Eliteserien,False,100,wikipedia;transfermarkt;sofascore
norway_7,Norway,I,Alexander Sørloth,,7,FW,1995-12-05,30,"6' 5""",205 lbs,Atlético Madrid,La Liga,True,72,26,18000000,€18m,238407,309078,Atlético Madrid,LaLiga,False,100,wikipedia;transfermarkt;sofascore
norway_8,Norway,I,Sander Berge,,8,MF,1998-02-14,28,"6' 5""",212 lbs,Fulham,Premier League,True,66,1,25000000,€25m,333014,793167,Fulham,Championship,False,100,wikipedia;transfermarkt;sofascore
norway_9,Norway,I,Erling Haaland,,9,FW,2000-07-21,25,"6' 5""",192 lbs,Manchester City,Premier League,True,50,55,200000000,€200m,418560,839956,Manchester City,Premier League,False,100,wikipedia;transfermarkt;sofascore
norway_10,Norway,I,Martin Ødegaard(captain),Martin Ødegaard,10,MF,1998-12-17,27,"5' 10""",150 lbs,Arsenal,Premier League,True,68,5,,,,,,,False,50,wikipedia
norway_11,Norway,I,Jørgen Strand Larsen,,11,FW,2000-02-06,26,"6' 4""",172 lbs,Crystal Palace,Premier League,True,28,6,40000000,€40m,429983,876599,Crystal Palace,Premier League,False,100,wikipedia;transfermarkt;sofascore
norway_12,Norway,I,Sander Tangvik,,12,GK,2002-11-29,23,"6' 4""",174 lbs,Hamburger SV,,False,0,0,3000000,€3m,549378,1030355,Hamburger SV,2. Bundesliga,False,95,wikipedia;transfermarkt;sofascore
norway_13,Norway,I,Egil Selvik,,13,GK,1997-07-30,28,"6' 4""",196 lbs,Watford,,False,7,0,1500000,€1.5m,380744,798176,Watford,Premier League,False,100,wikipedia;transfermarkt;sofascore
norway_14,Norway,I,Fredrik Aursnes,,14,MF,1995-12-10,30,"5' 11""",157 lbs,Benfica,,False,22,1,15000000,€15m,223367,228364,Benfica,Liga Portugal Betclic,False,100,wikipedia;transfermarkt;sofascore
norway_15,Norway,I,Fredrik André Bjørkan,,15,DF,1998-08-21,27,"5' 11""",161 lbs,Bodø/Glimt,,False,21,1,3500000,€3.5m,364938,795154,Bodø/Glimt,Eliteserien,False,100,wikipedia;transfermarkt;sofascore
norway_16,Norway,I,Marcus Holmgren Pedersen,,16,DF,2000-07-16,25,"6' 0""",168 lbs,Torino,Serie A,True,32,0,3500000,€3.5m,583404,934409,Torino,Serie A,False,100,wikipedia;transfermarkt;sofascore
norway_17,Norway,I,Torbjørn Heggem,,17,DF,1999-01-12,27,"6' 4""",161 lbs,Bologna,Serie A,True,15,0,13000000,€13m,464469,933264,Bologna,Serie A,False,100,wikipedia;transfermarkt;sofascore
norway_18,Norway,I,Kristian Thorstvedt,,18,MF,1999-03-13,27,"6' 2""",183 lbs,Sassuolo,,True,37,4,12000000,€12m,564785,924973,Sassuolo,Serie A,False,100,wikipedia;transfermarkt;sofascore
norway_19,Norway,I,Thelo Aasgaard,,19,MF,2002-05-02,24,"6' 2""",174 lbs,Rangers,,False,8,5,2800000,€2.8m,647384,1065989,Rangers,Scottish Premiership,False,100,wikipedia;transfermarkt;sofascore
norway_20,Norway,I,Antonio Nusa,,20,MF,2005-04-17,21,"6' 0""",170 lbs,RB Leipzig,Bundesliga,True,24,8,32000000,€32m,894914,1121923,RB Leipzig,Bundesliga,False,100,wikipedia;transfermarkt;sofascore
norway_21,Norway,I,Andreas Schjelderup,,21,FW,2004-06-01,22,"5' 9""",161 lbs,Benfica,,False,12,1,30000000,€30m,670103,1100952,Benfica,Liga Portugal Betclic,False,100,wikipedia;transfermarkt;sofascore
norway_22,Norway,I,Oscar Bobb,,22,MF,2003-07-12,22,"5' 9""",159 lbs,Fulham,Premier League,True,20,2,28000000,€28m,661207,1065216,Fulham,Championship,False,100,wikipedia;transfermarkt;sofascore
norway_23,Norway,I,Jens Petter Hauge,,23,MF,1999-10-12,26,"6' 0""",163 lbs,Bodø/Glimt,,False,15,1,12000000,€12m,422355,838805,Bodø/Glimt,Eliteserien,False,100,wikipedia;transfermarkt;sofascore
norway_24,Norway,I,Sondre Langås,Sondre Langas,24,DF,2001-02-02,25,"6' 3""",179 lbs,Derby County,,False,3,0,4000000,€4m,737837,1026541,Derby County,Championship,False,100,wikipedia;transfermarkt;sofascore
norway_25,Norway,I,Henrik Falchener,,25,DF,2003-05-08,23,"6' 4""",181 lbs,Viking,,False,1,0,6000000,€6m,743088,1022374,Viking FK,Eliteserien,False,100,wikipedia;transfermarkt;sofascore
norway_26,Norway,I,Julian Ryerson,,26,DF,1997-11-17,28,"6' 0""",190 lbs,Borussia Dortmund,Bundesliga,True,43,1,25000000,€25m,370789,800951,Borussia Dortmund,Bundesliga,False,100,wikipedia;transfermarkt;sofascore
panama_1,Panama,L,Luis Mejía,,1,GK,1991-03-16,35,"6' 4""",174 lbs,Nacional,,False,56,0,,,,144800,Nacional,Liga AUF Uruguaya,False,75,wikipedia;sofascore
panama_2,Panama,L,César Blackman,,2,DF,1998-04-02,28,"5' 9""",152 lbs,Slovan Bratislava,,False,40,3,,,,841793,ŠK Slovan Bratislava,Niké Liga,False,75,wikipedia;sofascore
panama_3,Panama,L,José Córdoba,,3,DF,2001-06-03,25,"6' 2""",172 lbs,Norwich City,,False,32,1,,,,1105688,Norwich City,Premier League,False,75,wikipedia;sofascore
panama_4,Panama,L,Fidel Escobar,,4,DF,1995-01-09,31,"6' 0""",161 lbs,Saprissa,,False,99,4,,,,796326,Deportivo Saprissa,"Primera División, Clausura",False,75,wikipedia;sofascore
panama_5,Panama,L,Edgardo Fariña,,5,DF,2001-10-19,24,"6' 4""",183 lbs,Pari Nizhny Novgorod,,False,18,0,,,,1217937,Pari Nizhny Novgorod,Russian Premier League,False,75,wikipedia;sofascore
panama_6,Panama,L,Cristian Martínez,,6,MF,1997-02-06,29,"5' 7""",172 lbs,Ironi Kiryat Shmona,,False,66,2,,,,841006,Hapoel Ironi Kiryat Shmona,Israeli Premier League,False,75,wikipedia;sofascore
panama_7,Panama,L,José Luis Rodríguez,,7,MF,1998-06-19,27,"5' 11""",170 lbs,Juárez,,False,70,8,,,,842253,FC Juárez,"Liga MX, Clausura",False,75,wikipedia;sofascore
panama_8,Panama,L,Adalberto Carrasquilla,,8,MF,1998-11-28,27,"5' 7""",141 lbs,UNAM,,False,73,3,,,,796330,Pumas UNAM,"Liga MX, Apertura",False,75,wikipedia;sofascore
panama_9,Panama,L,Tomás Rodríguez,,9,FW,1999-03-09,27,"6' 0""",163 lbs,Saprissa,,False,13,4,,,,985161,Deportivo Saprissa,"Primera División, Clausura",False,75,wikipedia;sofascore
panama_10,Panama,L,Ismael Díaz,,10,FW,1997-05-12,29,"6' 0""",159 lbs,León,,False,57,17,,,,796328,Club León,"Liga MX, Clausura",False,75,wikipedia;sofascore
panama_11,Panama,L,Yoel Bárcenas,Édgar Yoel Bárcenas,11,MF,1993-10-23,32,"5' 9""",163 lbs,Mazatlán,,False,104,10,,,,833352,Mazatlán FC,"Liga MX, Apertura",False,75,wikipedia;sofascore
panama_12,Panama,L,César Samudio,,12,GK,1994-02-23,32,"6' 2""",192 lbs,Marathón,,False,5,0,,,,1172599,CD Marathon,"Liga Hondubet, Apertura",False,75,wikipedia;sofascore
panama_13,Panama,L,Jiovany Ramos,,13,DF,1997-01-26,29,"6' 2""",161 lbs,Puerto Cabello,,False,23,2,,,,1006509,Academia Puerto Cabello,Liga FUTVE,False,75,wikipedia;sofascore
panama_14,Panama,L,Carlos Harvey,,14,MF,2000-02-03,26,"6' 1""",194 lbs,Minnesota United FC,,False,28,3,,,,985131,Minnesota United,MLS,False,75,wikipedia;sofascore
panama_15,Panama,L,Eric Davis,Éric Davis,15,DF,1991-03-31,35,"5' 11""",172 lbs,Plaza Amador,,False,107,9,,,,159935,CD Plaza Amador,"Liga Panameña de Fútbol, Apertura",False,75,wikipedia;sofascore
panama_16,Panama,L,Andrés Andrade,,16,DF,1998-10-16,27,"6' 2""",172 lbs,LASK,,False,50,1,,,,841802,LASK,Austrian Bundesliga,False,75,wikipedia;sofascore
panama_17,Panama,L,José Fajardo,,17,FW,1993-08-18,32,"5' 11""",148 lbs,Universidad Católica,,False,68,17,,,,936184,Universidad Católica del Ecuador,LigaPro Serie A,False,75,wikipedia;sofascore
panama_18,Panama,L,Cecilio Waterman,,18,FW,1991-04-13,35,"5' 11""",179 lbs,Universidad de Concepción,,False,55,15,,,,159931,Universidad de Concepción,Liga de Ascenso,False,75,wikipedia;sofascore
panama_19,Panama,L,Alberto Quintero,,19,FW,1987-12-18,38,"5' 6""",130 lbs,Plaza Amador,,False,141,7,,,,83951,CD Plaza Amador,"Liga Panameña de Fútbol, Apertura",False,75,wikipedia;sofascore
panama_20,Panama,L,Aníbal Godoy(captain),Aníbal Godoy,20,MF,1990-02-10,36,"6' 0""",163 lbs,San Diego FC,,False,159,4,,,,,,,False,50,wikipedia
panama_21,Panama,L,César Yanis,,21,FW,1996-01-28,30,"5' 3""",141 lbs,Cobresal,,False,56,5,,,,1021117,Cobresal,Liga de Primera,False,75,wikipedia;sofascore
panama_22,Panama,L,Orlando Mosquera,,22,GK,1994-12-25,31,"6' 3""",172 lbs,Al-Fayha,Saudi Pro League,True,48,0,,,,886041,Al-Fayha,Saudi 1st Division,False,75,wikipedia;sofascore
panama_23,Panama,L,Michael Amir Murillo,Amir Murillo,23,DF,1996-02-11,30,"6' 0""",163 lbs,Beşiktaş,,False,94,9,,,,,,,False,50,wikipedia
panama_24,Panama,L,Azarias Londoño,,24,FW,2001-06-21,24,"6' 1""",172 lbs,Universidad Católica,,False,11,0,,,,1217929,Universidad Católica del Ecuador,LigaPro Serie A,False,75,wikipedia;sofascore
panama_25,Panama,L,Roderick Miller,,25,DF,1992-04-03,34,"6' 3""",183 lbs,Turan Tovuz,,False,50,2,,,,159939,Turan Tovuz,Birinci Liqa,False,75,wikipedia;sofascore
panama_26,Panama,L,Jorge Gutiérrez,,26,DF,1998-09-01,27,"5' 7""",150 lbs,Deportivo La Guaira,,False,18,0,,,,928021,Deportivo La Guaira,Liga FUTVE,False,75,wikipedia;sofascore
paraguay_1,Paraguay,D,Gatito Fernández,,1,GK,1988-03-29,38,"6' 3""",190 lbs,Cerro Porteño,,False,31,0,,,,840027,Cerro Porteño,"Primera División, Apertura",False,75,wikipedia;sofascore
paraguay_2,Paraguay,D,Gustavo Velázquez,,2,DF,1991-04-17,35,"5' 10""",168 lbs,Cerro Porteño,,False,13,1,,,,805427,Cerro Porteño,"Primera División, Apertura",False,75,wikipedia;sofascore
paraguay_3,Paraguay,D,Omar Alderete,,3,DF,1996-12-26,29,"6' 2""",170 lbs,Sunderland,,False,36,3,,,,805137,Sunderland,League One,False,75,wikipedia;sofascore
paraguay_4,Paraguay,D,Juan José Cáceres,,4,DF,2000-06-01,26,,,Dynamo Moscow,,False,17,0,,,,989801,Dynamo Moscow,Russian Premier League,False,75,wikipedia;sofascore
paraguay_5,Paraguay,D,Fabián Balbuena,,5,DF,1991-08-23,34,"6' 2""",183 lbs,Grêmio,,False,48,2,,,,339447,Grêmio,Brasileirão Betano,False,75,wikipedia;sofascore
paraguay_6,Paraguay,D,Júnior Alonso,,6,DF,1993-02-09,33,"6' 1""",183 lbs,Atlético Mineiro,,False,71,3,,,,333275,Atlético Mineiro,Brasileirão Betano,False,75,wikipedia;sofascore
paraguay_7,Paraguay,D,Ramón Sosa,,7,FW,1999-08-31,26,"5' 10""",163 lbs,Palmeiras,,False,29,1,,,,1015733,Palmeiras,Brasileirão Betano,False,75,wikipedia;sofascore
paraguay_8,Paraguay,D,Diego Gómez,,8,MF,2003-03-27,23,"6' 1""",170 lbs,Brighton & Hove Albion,Premier League,True,24,3,,,,1065588,Brighton & Hove Albion,Premier League,False,75,wikipedia;sofascore
paraguay_9,Paraguay,D,Antonio Sanabria,,9,FW,1996-03-04,30,"5' 11""",152 lbs,Cremonese,,False,48,7,,,,333261,Cremonese,Serie B,False,75,wikipedia;sofascore
paraguay_10,Paraguay,D,Miguel Almirón,,10,FW,1994-02-10,32,"5' 9""",152 lbs,Atlanta United FC,,False,76,10,,,,333373,Atlanta United,MLS,False,75,wikipedia;sofascore
paraguay_11,Paraguay,D,Maurício,Mauricio,11,MF,2001-06-22,24,"5' 9""",170 lbs,Palmeiras,,False,3,0,,,,986233,Palmeiras,Brasileirão Betano,False,75,wikipedia;sofascore
paraguay_12,Paraguay,D,Orlando Gill,Orlando Gil,12,GK,2000-06-11,26,"6' 6""",179 lbs,San Lorenzo,,False,6,0,,,,991709,San Lorenzo,Liga Profesional de Fútbol,False,75,wikipedia;sofascore
paraguay_13,Paraguay,D,José Canale,,13,DF,1996-07-20,29,"6' 2""",174 lbs,Lanús,,False,2,0,,,,877452,CA Lanús,Liga Profesional de Fútbol,False,75,wikipedia;sofascore
paraguay_14,Paraguay,D,Andrés Cubas,,14,MF,1996-05-11,30,"5' 6""",146 lbs,Vancouver Whitecaps FC,,False,33,0,,,,546416,Vancouver Whitecaps,MLS,False,75,wikipedia;sofascore
paraguay_15,Paraguay,D,Gustavo Gómez(captain),Gustavo Gómez,15,DF,1993-05-06,33,"6' 1""",190 lbs,Palmeiras,,False,89,4,,,,,,,False,50,wikipedia
paraguay_16,Paraguay,D,Damián Bobadilla,,16,MF,2001-07-11,24,"5' 11""",168 lbs,São Paulo,,False,19,1,,,,1015261,São Paulo,Brasileirão Betano,False,75,wikipedia;sofascore
paraguay_17,Paraguay,D,Kaku,Alejandro Romero Gamarra,17,FW,1995-01-11,31,,,Al Ain,,False,33,6,,,,,,,False,50,wikipedia
paraguay_18,Paraguay,D,Álex Arce,Alex Arce,18,FW,1995-06-16,30,"6' 2""",174 lbs,Independiente Rivadavia,,False,15,1,,,,1167312,Independiente Rivadavia,Primera Nacional,False,75,wikipedia;sofascore
paraguay_19,Paraguay,D,Julio Enciso,,19,MF,2004-01-23,22,"5' 8""",139 lbs,Strasbourg,Ligue 1,True,32,4,,,,973556,RC Strasbourg,Ligue 1,False,75,wikipedia;sofascore
paraguay_20,Paraguay,D,Braian Ojeda,,20,MF,2000-06-27,25,"5' 8""",150 lbs,Orlando City SC,,False,17,0,,,,883206,Orlando City SC,MLS,False,75,wikipedia;sofascore
paraguay_21,Paraguay,D,Gabriel Ávalos,,21,FW,1990-10-12,35,"6' 3""",203 lbs,Independiente,,False,23,2,,,,789453,CA Independiente,Liga Profesional de Fútbol,False,75,wikipedia;sofascore
paraguay_22,Paraguay,D,Gastón Olveira,,22,GK,1993-04-21,33,"6' 3""",179 lbs,Olimpia,,False,1,0,,,,339135,Olimpia,"Primera División, Apertura",False,75,wikipedia;sofascore
paraguay_23,Paraguay,D,Matías Galarza,,23,MF,2002-02-11,24,"5' 9""",148 lbs,Atlanta United FC,,False,15,3,,,,1105836,Atlanta United,MLS,False,75,wikipedia;sofascore
paraguay_24,Paraguay,D,Gustavo Caballero,,24,FW,2001-09-21,24,"6' 1""",161 lbs,Portsmouth,,False,2,1,,,,988656,Portsmouth,League One,False,75,wikipedia;sofascore
paraguay_25,Paraguay,D,Isidro Pitta,,25,FW,1999-08-14,26,"6' 0""",172 lbs,Red Bull Bragantino,,False,5,0,,,,979861,Red Bull Bragantino,Brasileirão Betano,False,75,wikipedia;sofascore
paraguay_26,Paraguay,D,Alexandro Maidana,,26,DF,2005-07-26,20,"5' 10""",161 lbs,Talleres,,False,2,1,,,,1546739,CA Talleres,Liga Profesional de Fútbol,False,75,wikipedia;sofascore
portugal_1,Portugal,K,Diogo Costa,,1,GK,1999-09-19,26,"6' 2""",190 lbs,Porto,,False,42,0,40000000,€40m,357153,843115,FC Porto,Liga Portugal Betclic,False,100,wikipedia;transfermarkt;sofascore
portugal_2,Portugal,K,Nélson Semedo,,2,DF,1993-11-16,32,"5' 10""",146 lbs,Fenerbahçe,,False,49,0,6000000,€6m,231572,252821,Fenerbahçe,Trendyol Süper Lig,False,100,wikipedia;transfermarkt;sofascore
portugal_3,Portugal,K,Rúben Dias,,3,DF,1997-05-14,29,"6' 2""",190 lbs,Manchester City,Premier League,True,75,3,55000000,€55m,258004,318941,Manchester City,Premier League,False,100,wikipedia;transfermarkt;sofascore
portugal_4,Portugal,K,Tomás Araújo,,4,DF,2002-05-16,24,"6' 2""",185 lbs,Benfica,,False,4,0,30000000,€30m,504087,983542,Benfica,Liga Portugal Betclic,False,100,wikipedia;transfermarkt;sofascore
portugal_5,Portugal,K,Diogo Dalot,,5,DF,1999-03-18,27,"6' 0""",181 lbs,Manchester United,Premier League,True,34,3,30000000,€30m,357147,843200,Manchester United,Premier League,False,100,wikipedia;transfermarkt;sofascore
portugal_6,Portugal,K,Matheus Nunes,,6,MF,1998-08-27,27,"6' 0""",172 lbs,Manchester City,Premier League,True,19,2,50000000,€50m,601883,945122,Manchester City,Premier League,False,100,wikipedia;transfermarkt;sofascore
portugal_7,Portugal,K,Cristiano Ronaldo(captain),Cristiano Ronaldo,7,FW,1985-02-05,41,"6' 2""",174 lbs,Al-Nassr,Saudi Pro League,True,227,143,,,,,,,False,50,wikipedia
portugal_8,Portugal,K,Bruno Fernandes,,8,MF,1994-09-08,31,"6' 0""",139 lbs,Manchester United,Premier League,True,88,29,35000000,€35m,240306,288205,Manchester United,Premier League,False,100,wikipedia;transfermarkt;sofascore
portugal_9,Portugal,K,Gonçalo Ramos,,9,FW,2001-06-20,24,"6' 1""",183 lbs,Paris Saint-Germain,Ligue 1,True,24,10,30000000,€30m,550550,934510,Paris Saint-Germain,Ligue 1,False,100,wikipedia;transfermarkt;sofascore
portugal_10,Portugal,K,Bernardo Silva,,10,MF,1994-08-10,31,"5' 8""",139 lbs,Manchester City,Premier League,True,108,14,22000000,€22m,241641,331209,Manchester City,Premier League,False,100,wikipedia;transfermarkt;sofascore
portugal_11,Portugal,K,João Félix,,11,FW,1999-11-10,26,"5' 11""",152 lbs,Al-Nassr,Saudi Pro League,True,53,12,28000000,€28m,462250,851671,Al-Nassr,Saudi Pro League,False,100,wikipedia;transfermarkt;sofascore
portugal_12,Portugal,K,José Sá,,12,GK,1993-01-17,33,"6' 4""",174 lbs,Wolverhampton Wanderers,Premier League,True,5,0,3500000,€3.5m,249994,252669,Wolverhampton,Premier League,False,100,wikipedia;transfermarkt;sofascore
portugal_13,Portugal,K,Renato Veiga,,13,DF,2003-07-29,22,"6' 3""",192 lbs,Villarreal,La Liga,True,12,1,25000000,€25m,805714,1087359,Villarreal,LaLiga,False,100,wikipedia;transfermarkt;sofascore
portugal_14,Portugal,K,Gonçalo Inácio,,14,DF,2001-08-25,24,"6' 1""",172 lbs,Sporting CP,,False,21,2,40000000,€40m,549006,1001196,Sporting CP,Liga Portugal Betclic,False,100,wikipedia;transfermarkt;sofascore
portugal_15,Portugal,K,João Neves,,15,MF,2004-09-27,21,"5' 9""",146 lbs,Paris Saint-Germain,Ligue 1,True,21,3,140000000,€140m,670681,1190933,Paris Saint-Germain,Ligue 1,False,100,wikipedia;transfermarkt;sofascore
portugal_16,Portugal,K,Francisco Trincão,,16,FW,1999-12-29,26,"6' 0""",168 lbs,Sporting CP,,False,17,3,40000000,€40m,412669,830431,Sporting CP,Liga Portugal Betclic,False,100,wikipedia;transfermarkt;sofascore
portugal_17,Portugal,K,Rafael Leão,,17,FW,1999-06-10,27,"6' 2""",174 lbs,Milan,Serie A,True,44,5,50000000,€50m,357164,851284,AC Milan,Serie A,False,100,wikipedia;transfermarkt;sofascore
portugal_18,Portugal,K,Pedro Neto,,18,FW,2000-03-09,26,"5' 9""",172 lbs,Chelsea,Premier League,True,24,2,60000000,€60m,487465,879349,Chelsea,Premier League,False,100,wikipedia;transfermarkt;sofascore
portugal_19,Portugal,K,Gonçalo Guedes,,19,FW,1996-11-29,29,"5' 10""",159 lbs,Real Sociedad,La Liga,True,34,8,6000000,€6m,225122,280979,Real Sociedad,LaLiga,False,100,wikipedia;transfermarkt;sofascore
portugal_20,Portugal,K,João Cancelo,,20,DF,1994-05-27,32,"6' 0""",161 lbs,Barcelona,La Liga,True,67,12,8000000,€8m,182712,138892,FC Barcelona,LaLiga,False,100,wikipedia;transfermarkt;sofascore
portugal_21,Portugal,K,Rúben Neves,,21,MF,1997-03-13,29,"6' 0""",183 lbs,Al-Hilal,Saudi Pro League,True,66,1,25000000,€25m,225161,280955,Al-Hilal,Saudi Pro League,False,100,wikipedia;transfermarkt;sofascore
portugal_22,Portugal,K,Rui Silva,,22,GK,1994-02-07,32,"6' 3""",192 lbs,Sporting CP,,False,3,0,7000000,€7m,234811,253809,Sporting CP,Liga Portugal Betclic,False,100,wikipedia;transfermarkt;sofascore
portugal_23,Portugal,K,Vitinha,,23,MF,2000-02-13,26,"5' 8""",139 lbs,Paris Saint-Germain,Ligue 1,True,37,0,140000000,€140m,487469,902029,Paris Saint-Germain,Ligue 1,False,100,wikipedia;transfermarkt;sofascore
portugal_24,Portugal,K,Samú Costa,,24,MF,2000-11-27,25,"6' 1""",172 lbs,Mallorca,La Liga,True,5,0,15000000,€15m,657430,988351,Mallorca,LaLiga,False,100,wikipedia;transfermarkt;sofascore
portugal_25,Portugal,K,Nuno Mendes,,25,DF,2002-06-19,23,"5' 11""",152 lbs,Paris Saint-Germain,Ligue 1,True,43,1,80000000,€80m,616341,989768,Paris Saint-Germain,Ligue 1,False,100,wikipedia;transfermarkt;sofascore
portugal_26,Portugal,K,Francisco Conceição,,26,FW,2002-12-14,23,"5' 5""",148 lbs,Juventus,Serie A,True,16,3,30000000,€30m,487474,979222,Juventus,Serie A,False,100,wikipedia;transfermarkt;sofascore
qatar_1,Qatar,B,Mahmud Abunada,Mahmoud Abunada,1,GK,2000-02-05,26,"6' 3""",179 lbs,Al-Rayyan,,False,5,0,,,,,,,False,50,wikipedia
qatar_2,Qatar,B,Pedro Miguel,,2,DF,1990-08-06,35,"6' 0""",172 lbs,Al-Sadd,,False,99,3,,,,884189,Al-Sadd,Stars League,False,75,wikipedia;sofascore
qatar_3,Qatar,B,Lucas Mendes,,3,DF,1990-07-03,35,"6' 0""",174 lbs,Al-Wakrah,,False,25,1,,,,243199,Al-Wakrah,Stars League,False,75,wikipedia;sofascore
qatar_4,Qatar,B,Issa Laye,,4,DF,1997-12-22,28,"6' 2""",157 lbs,Al-Arabi,,False,4,0,,,,1892282,Al-Arabi SC,Stars League,False,75,wikipedia;sofascore
qatar_5,Qatar,B,Jassem Gaber,,5,DF,2002-02-20,24,"5' 11""",168 lbs,Al-Rayyan,,False,32,1,,,,,,,False,50,wikipedia
qatar_6,Qatar,B,Abdulaziz Hatem,,6,MF,1990-01-01,36,"6' 0""",163 lbs,Al-Rayyan,,False,117,11,,,,897882,Al-Rayyan,Stars League,False,75,wikipedia;sofascore
qatar_7,Qatar,B,Ahmed Alaaeldin,,7,FW,1993-01-31,33,"5' 10""",168 lbs,Al-Rayyan,,False,68,9,,,,229278,Al-Rayyan,Stars League,False,75,wikipedia;sofascore
qatar_8,Qatar,B,Edmilson Junior,Edmílson Junior,8,FW,1994-08-19,31,"5' 11""",157 lbs,Al-Duhail,,False,16,0,,,,797734,Al Duhail,Stars League,False,75,wikipedia;sofascore
qatar_9,Qatar,B,Mohammed Muntari,,9,FW,1993-12-20,32,"6' 4""",190 lbs,Al-Gharafa,,False,67,16,,,,326185,Al-Gharafa,Stars League,False,75,wikipedia;sofascore
qatar_10,Qatar,B,Hassan Al-Haydos(captain),Hassan Al-Haydos,10,FW,1990-12-11,35,"5' 9""",137 lbs,Al-Sadd,,False,186,41,,,,,,,False,50,wikipedia
qatar_11,Qatar,B,Akram Afif,,11,FW,1996-11-18,29,"5' 10""",152 lbs,Al-Sadd,,False,125,39,,,,794541,Al-Sadd,Stars League,False,75,wikipedia;sofascore
qatar_12,Qatar,B,Karim Boudiaf,,12,MF,1990-09-16,35,"6' 3""",185 lbs,Al-Duhail,,False,118,5,,,,303826,Al Duhail,Stars League,False,75,wikipedia;sofascore
qatar_13,Qatar,B,Ayoub Al-Oui,,13,DF,2005-03-11,21,"6' 2""",172 lbs,Al-Gharafa,,False,6,0,,,,,,,False,50,wikipedia
qatar_14,Qatar,B,Homam Ahmed,,14,DF,1999-08-25,26,"6' 2""",170 lbs,Cultural Leonesa,,False,68,3,,,,,,,False,50,wikipedia
qatar_15,Qatar,B,Yusuf Abdurisag,,15,FW,1999-08-06,26,"5' 9""",161 lbs,Al-Wakrah,,False,39,3,,,,985156,Al-Wakrah,Stars League,False,75,wikipedia;sofascore
qatar_16,Qatar,B,Boualem Khoukhi,,16,DF,1990-07-09,35,"5' 11""",161 lbs,Al-Sadd,,False,116,20,,,,233746,Al-Sadd,Stars League,False,75,wikipedia;sofascore
qatar_17,Qatar,B,Ahmed Al-Ganehi,,17,MF,2000-09-22,25,"5' 10""",148 lbs,Al-Gharafa,,False,13,1,,,,936542,Al-Gharafa,Stars League,False,75,wikipedia;sofascore
qatar_18,Qatar,B,Sultan Al-Brake,,18,DF,1996-04-07,30,"5' 9""",130 lbs,Al-Duhail,,False,17,0,,,,796497,Al Duhail,Stars League,False,75,wikipedia;sofascore
qatar_19,Qatar,B,Almoez Ali,,19,FW,1996-08-19,29,"5' 11""",159 lbs,Al-Duhail,,False,115,55,,,,796501,Al Duhail,Stars League,False,75,wikipedia;sofascore
qatar_20,Qatar,B,Ahmed Fathy,,20,MF,1993-01-25,33,"5' 7""",168 lbs,Al-Arabi,,False,48,0,,,,,,,False,50,wikipedia
qatar_21,Qatar,B,Salah Zakaria,,21,GK,1999-04-24,27,"6' 2""",190 lbs,Al-Duhail,,False,8,0,,,,985171,Al Duhail,Stars League,False,75,wikipedia;sofascore
qatar_22,Qatar,B,Meshaal Barsham,,22,GK,1998-02-14,28,"5' 11""",159 lbs,Al-Sadd,,False,52,0,,,,891157,Al-Sadd,Stars League,False,75,wikipedia;sofascore
qatar_23,Qatar,B,Assim Madibo,,23,MF,1996-10-22,29,"5' 6""",139 lbs,Al-Wakrah,,False,51,0,,,,796500,Al-Wakrah,Stars League,False,75,wikipedia;sofascore
qatar_24,Qatar,B,Tahsin Jamshid,,24,FW,2006-06-16,19,"5' 10""",150 lbs,Al-Duhail,,False,3,0,,,,1501518,Al Duhail,Stars League,False,75,wikipedia;sofascore
qatar_25,Qatar,B,Al-Hashmi Al-Hussain,,25,DF,2003-08-15,22,"6' 0""",159 lbs,Al-Arabi,,False,8,0,,,,,,,False,50,wikipedia
qatar_26,Qatar,B,Mohamed Manai,,26,FW,2002-10-25,23,"6' 2""",163 lbs,Al-Shamal,,False,10,0,,,,1083016,Al Shamal SC,QFA Cup,False,75,wikipedia;sofascore
saudi-arabia_1,Saudi Arabia,H,Nawaf Al-Aqidi,,1,GK,2000-05-10,26,"6' 1""",192 lbs,Al-Nassr,Saudi Pro League,True,22,0,650000,€650k,886183,1014518,Al-Nassr,Saudi Pro League,False,100,wikipedia;transfermarkt;sofascore
saudi-arabia_2,Saudi Arabia,H,Ali Majrashi,,2,DF,1999-10-02,26,"5' 7""",150 lbs,Al-Ahli,Saudi Pro League,True,21,0,1400000,€1.4m,672391,917035,Al-Ahli,Saudi Pro League,False,100,wikipedia;transfermarkt;sofascore
saudi-arabia_3,Saudi Arabia,H,Ali Lajami,,3,DF,1996-04-24,30,"5' 10""",157 lbs,Al-Hilal,Saudi Pro League,True,21,1,750000,€750k,264909,818667,Al-Hilal,Saudi Pro League,False,100,wikipedia;transfermarkt;sofascore
saudi-arabia_4,Saudi Arabia,H,Abdulelah Al-Amri,,4,DF,1997-01-15,29,"6' 1""",170 lbs,Al-Nassr,Saudi Pro League,True,42,1,1400000,€1.4m,509894,881831,Al-Nassr,Saudi Pro League,False,100,wikipedia;transfermarkt;sofascore
saudi-arabia_5,Saudi Arabia,H,Hassan Al-Tambakti,,5,DF,1999-02-09,27,"6' 0""",183 lbs,Al-Hilal,Saudi Pro League,True,51,1,,,,,,,False,50,wikipedia
saudi-arabia_6,Saudi Arabia,H,Nasser Al-Dawsari,,6,MF,1998-12-19,27,"5' 10""",170 lbs,Al-Hilal,Saudi Pro League,True,43,0,900000,€900k,509911,872607,Al-Hilal,Saudi Pro League,False,100,wikipedia;transfermarkt;sofascore
saudi-arabia_7,Saudi Arabia,H,Musab Al-Juwayr,,7,MF,2003-06-20,22,"5' 9""",152 lbs,Al-Qadsiah,Saudi Pro League,True,34,6,6000000,€6m,901181,,,,False,75,wikipedia;transfermarkt
saudi-arabia_8,Saudi Arabia,H,Ayman Yahya,Aiman Yahya,8,MF,2001-05-14,25,"5' 8""",159 lbs,Al-Nassr,Saudi Pro League,True,26,0,1200000,€1.2m,735815,1130539,Al-Nassr,Saudi Pro League,False,100,wikipedia;transfermarkt;sofascore
saudi-arabia_9,Saudi Arabia,H,Firas Al-Buraikan,Feras Al-Brikan,9,FW,2000-05-14,26,,,Al-Ahli,Saudi Pro League,True,69,15,3500000,€3.5m,631922,893307,Al-Ahli,Saudi Pro League,False,100,wikipedia;transfermarkt;sofascore
saudi-arabia_10,Saudi Arabia,H,Salem Al-Dawsari(captain),Salem Al-Dawsari,10,MF,1991-08-19,34,"5' 8""",157 lbs,Al-Hilal,Saudi Pro League,True,109,27,,,,,,,False,50,wikipedia
saudi-arabia_11,Saudi Arabia,H,Saleh Al-Shehri,,11,FW,1993-11-01,32,"6' 0""",172 lbs,Al-Ittihad,Saudi Pro League,True,55,18,500000,€500k,242267,818779,Al-Ittihad,Saudi Pro League,False,100,wikipedia;transfermarkt;sofascore
saudi-arabia_12,Saudi Arabia,H,Saud Abdulhamid,,12,DF,1999-07-18,26,"5' 8""",161 lbs,Lens,Ligue 1,True,54,1,9000000,€9m,631927,966849,RC Lens,Ligue 1,False,100,wikipedia;transfermarkt;sofascore
saudi-arabia_13,Saudi Arabia,H,Nawaf Boushal,,13,DF,1999-09-16,26,"5' 8""",139 lbs,Al-Nassr,Saudi Pro League,True,24,0,1400000,€1.4m,821377,986400,Al-Nassr,Saudi Pro League,False,100,wikipedia;transfermarkt;sofascore
saudi-arabia_14,Saudi Arabia,H,Hassan Kadesh,Hassan Kadish,14,DF,1992-09-26,33,"5' 10""",152 lbs,Al-Ittihad,Saudi Pro League,True,20,2,275000,€275k,260859,847235,Al-Ittihad,Saudi Pro League,False,100,wikipedia;transfermarkt;sofascore
saudi-arabia_15,Saudi Arabia,H,Abdullah Al-Khaibari,,15,MF,1996-08-16,29,"5' 9""",146 lbs,Al-Nassr,Saudi Pro League,True,39,0,750000,€750k,437903,867179,Al-Nassr,Saudi Pro League,False,100,wikipedia;transfermarkt;sofascore
saudi-arabia_16,Saudi Arabia,H,Ziyad Al-Johani,,16,MF,2001-11-11,24,"5' 11""",139 lbs,Al-Ahli,Saudi Pro League,True,12,0,800000,€800k,901079,,,,False,75,wikipedia;transfermarkt
saudi-arabia_17,Saudi Arabia,H,Khalid Al-Ghannam,,17,FW,2000-11-08,25,"5' 7""",150 lbs,Al-Ettifaq,Saudi Pro League,True,6,0,2500000,€2.5m,631923,976538,Al-Ettifaq,Saudi Pro League,False,100,wikipedia;transfermarkt;sofascore
saudi-arabia_18,Saudi Arabia,H,Alaa Al-Hejji,Ala Al-Hajji,18,MF,1995-12-03,30,,,Neom,,True,2,0,,,,826242,Neom SC,Saudi Pro League,False,75,wikipedia;sofascore
saudi-arabia_19,Saudi Arabia,H,Abdullah Al-Hamdan,,19,FW,1999-09-13,26,"6' 1""",172 lbs,Al-Nassr,Saudi Pro League,True,49,12,350000,€350k,68626,915991,Al-Nassr,Saudi Pro League,False,100,wikipedia;transfermarkt;sofascore
saudi-arabia_20,Saudi Arabia,H,Sultan Mandash,,20,FW,1994-10-17,31,"5' 8""",150 lbs,Al-Hilal,Saudi Pro League,True,6,2,350000,€350k,210349,818568,Al-Hilal,Saudi Pro League,False,100,wikipedia;transfermarkt;sofascore
saudi-arabia_21,Saudi Arabia,H,Mohammed Al-Owais,,21,GK,1991-10-10,34,"6' 1""",170 lbs,Al-Ula,,False,63,0,275000,€275k,262845,791416,Al Ula,Second Division League,False,100,wikipedia;transfermarkt;sofascore
saudi-arabia_22,Saudi Arabia,H,Ahmed Al-Kassar,,22,GK,1991-05-08,35,"5' 10""",172 lbs,Al-Qadsiah,Saudi Pro League,True,9,0,175000,€175k,177956,818749,Al-Qadsiah,King's Cup,False,100,wikipedia;transfermarkt;sofascore
saudi-arabia_23,Saudi Arabia,H,Mohamed Kanno,,23,MF,1994-09-22,31,"6' 3""",148 lbs,Al-Hilal,Saudi Pro League,True,76,8,800000,€800k,308120,828524,Al-Hilal,Saudi Pro League,False,100,wikipedia;transfermarkt;sofascore
saudi-arabia_24,Saudi Arabia,H,Moteb Al-Harbi,,24,DF,2000-02-20,26,"5' 8""",141 lbs,Al-Hilal,Saudi Pro League,True,12,0,1400000,€1.4m,869509,1022679,Al-Hilal,Saudi Pro League,False,100,wikipedia;transfermarkt;sofascore
saudi-arabia_25,Saudi Arabia,H,Jehad Thakri,,25,DF,2001-07-21,24,"6' 0""",163 lbs,Al-Qadsiah,Saudi Pro League,True,7,0,1200000,€1.2m,901334,1845169,Al-Qadsiah,King's Cup,False,100,wikipedia;transfermarkt;sofascore
saudi-arabia_26,Saudi Arabia,H,Mohammed Abu Al-Shamat,,26,MF,2002-08-11,23,"5' 7""",137 lbs,Al-Qadsiah,Saudi Pro League,True,6,0,1800000,€1.8m,1181852,1804369,Al-Qadsiah,King's Cup,False,100,wikipedia;transfermarkt;sofascore
scotland_1,Scotland,C,Angus Gunn,,1,GK,1996-01-22,30,"6' 5""",170 lbs,Nottingham Forest,Premier League,True,22,0,1000000,€1m,201574,227946,Nottingham Forest,Championship,False,100,wikipedia;transfermarkt;sofascore
scotland_2,Scotland,C,Aaron Hickey,,2,DF,2002-06-10,24,"6' 1""",159 lbs,Brentford,Premier League,True,21,0,16000000,€16m,591949,966869,Brentford,Premier League,False,100,wikipedia;transfermarkt;sofascore
scotland_3,Scotland,C,Andy Robertson(captain),Andy Robertson,3,DF,1994-03-11,32,"5' 10""",139 lbs,Liverpool,Premier League,True,94,4,,,,,,,False,50,wikipedia
scotland_4,Scotland,C,Scott McTominay,,4,MF,1996-12-08,29,"6' 4""",192 lbs,Napoli,Serie A,True,70,15,40000000,€40m,315969,879346,SSC Napoli,Serie A,False,100,wikipedia;transfermarkt;sofascore
scotland_5,Scotland,C,Grant Hanley,,5,DF,1991-11-20,34,"6' 2""",185 lbs,Hibernian,,False,68,2,200000,€200k,121385,95791,Hibernian,Scottish Premiership,False,100,wikipedia;transfermarkt;sofascore
scotland_6,Scotland,C,Kieran Tierney,,6,DF,1997-06-05,29,"5' 11""",161 lbs,Celtic,,False,56,2,8000000,€8m,300716,366592,Celtic,Scottish Premiership,False,100,wikipedia;transfermarkt;sofascore
scotland_7,Scotland,C,John McGinn,,7,MF,1994-10-18,31,"5' 10""",150 lbs,Aston Villa,Premier League,True,86,20,13000000,€13m,193116,250223,Aston Villa,Premier League,False,100,wikipedia;transfermarkt;sofascore
scotland_8,Scotland,C,Tyler Fletcher,,8,MF,2007-03-19,19,"6' 0""",159 lbs,Manchester United,Premier League,True,2,0,1500000,€1.5m,1049911,1402850,Manchester United U21,"Premier League 2, Division 1",False,100,wikipedia;transfermarkt;sofascore
scotland_9,Scotland,C,Lyndon Dykes,,9,FW,1995-10-07,30,"6' 2""",183 lbs,Charlton Athletic,,False,51,10,800000,€800k,347138,846204,Charlton Athletic,League One,False,100,wikipedia;transfermarkt;sofascore
scotland_10,Scotland,C,Ché Adams,,10,FW,1996-07-13,29,"5' 9""",152 lbs,Torino,Serie A,True,47,13,5000000,€5m,346779,773409,Torino,Serie A,False,100,wikipedia;transfermarkt;sofascore
scotland_11,Scotland,C,Ryan Christie,,11,MF,1995-02-22,31,"5' 10""",157 lbs,Bournemouth,Premier League,True,68,10,8000000,€8m,188077,322391,Bournemouth,Championship,False,100,wikipedia;transfermarkt;sofascore
scotland_12,Scotland,C,Liam Kelly,,12,GK,1996-01-23,30,"6' 0""",174 lbs,Rangers,,False,3,0,800000,€800k,208772,287555,Rangers,Scottish Premiership,False,100,wikipedia;transfermarkt;sofascore
scotland_13,Scotland,C,Jack Hendry,,13,DF,1995-05-07,31,"6' 4""",190 lbs,Al-Ettifaq,Saudi Pro League,True,38,3,2500000,€2.5m,363223,795696,Al-Ettifaq,Saudi Pro League,False,100,wikipedia;transfermarkt;sofascore
scotland_14,Scotland,C,Ross Stewart,,14,FW,1996-07-11,29,"6' 2""",185 lbs,Southampton,Premier League,True,3,0,2500000,€2.5m,447995,886117,Southampton,Premier League,False,100,wikipedia;transfermarkt;sofascore
scotland_15,Scotland,C,John Souttar,,15,DF,1996-09-25,29,"6' 1""",163 lbs,Rangers,,False,24,2,2000000,€2m,235767,287563,Rangers,Scottish Premiership,False,100,wikipedia;transfermarkt;sofascore
scotland_16,Scotland,C,Dominic Hyam,,16,DF,1995-12-20,30,"6' 2""",152 lbs,Wrexham,,False,4,0,2000000,€2m,263268,802719,Wrexham,National League,False,100,wikipedia;transfermarkt;sofascore
scotland_17,Scotland,C,Ben Gannon-Doak,,17,FW,2005-11-11,20,"5' 8""",141 lbs,Bournemouth,Premier League,True,14,1,15000000,€15m,719673,1154861,Bournemouth,Championship,False,100,wikipedia;transfermarkt;sofascore
scotland_18,Scotland,C,George Hirst,,18,FW,1999-02-15,27,"6' 3""",179 lbs,Ipswich Town,Premier League,False,10,1,10000000,€10m,420808,839712,Ipswich Town,League One,False,100,wikipedia;transfermarkt;sofascore
scotland_19,Scotland,C,Lewis Ferguson,,19,MF,1999-08-24,26,"5' 11""",161 lbs,Bologna,Serie A,True,24,1,14000000,€14m,428563,907152,Bologna,Serie A,False,100,wikipedia;transfermarkt;sofascore
scotland_20,Scotland,C,Lawrence Shankland,,20,FW,1995-08-10,30,"6' 1""",163 lbs,Heart of Midlothian,,False,20,7,3000000,€3m,225744,237098,Heart of Midlothian,Scottish Premiership,False,100,wikipedia;transfermarkt;sofascore
scotland_21,Scotland,C,Craig Gordon,,21,GK,1982-12-31,43,"6' 4""",183 lbs,Heart of Midlothian,,False,84,0,50000,€50k,12589,9370,Heart of Midlothian,Scottish Premiership,False,100,wikipedia;transfermarkt;sofascore
scotland_22,Scotland,C,Nathan Patterson,,22,DF,2001-10-16,24,"6' 0""",159 lbs,Everton,Premier League,True,26,1,10000000,€10m,424015,1020141,Everton U21,"Premier League 2, Division 1",False,100,wikipedia;transfermarkt;sofascore
scotland_23,Scotland,C,Kenny McLean,,23,MF,1992-01-08,34,"6' 0""",152 lbs,Norwich City,,False,58,3,400000,€400k,126600,75756,Norwich City,Premier League,False,100,wikipedia;transfermarkt;sofascore
scotland_24,Scotland,C,Anthony Ralston,,24,DF,1998-11-16,27,"5' 10""",152 lbs,Celtic,,False,27,1,1500000,€1.5m,388171,840227,Celtic,Scottish Premiership,False,100,wikipedia;transfermarkt;sofascore
scotland_25,Scotland,C,Findlay Curtis,,25,FW,2006-06-09,20,"5' 11""",146 lbs,Kilmarnock,,False,3,1,2000000,€2m,1082993,1489210,Rangers,Scottish Premiership,True,85,wikipedia;transfermarkt;sofascore
scotland_26,Scotland,C,Scott McKenna,,26,DF,1996-11-12,29,"6' 2""",161 lbs,Dinamo Zagreb,,False,50,1,4000000,€4m,255906,358108,GNK Dinamo Zagreb,HNL,False,100,wikipedia;transfermarkt;sofascore
senegal_1,Senegal,I,Yehvann Diouf,,1,GK,1999-11-16,26,"6' 2""",161 lbs,Nice,Ligue 1,True,2,0,,,,845183,Nice,Ligue 1,False,75,wikipedia;sofascore
senegal_2,Senegal,I,Mamadou Sarr,,2,DF,2005-08-29,20,"6' 4""",170 lbs,Chelsea,Premier League,True,7,0,,,,1154657,Chelsea,Premier League,False,75,wikipedia;sofascore
senegal_3,Senegal,I,Kalidou Koulibaly(captain),Kalidou Koulibaly,3,DF,1991-06-20,34,"6' 5""",194 lbs,Al-Hilal,Saudi Pro League,True,102,2,,,,,,,False,50,wikipedia
senegal_4,Senegal,I,Abdoulaye Seck,,4,DF,1992-06-04,34,"6' 4""",207 lbs,Maccabi Haifa,,False,22,4,,,,583896,Maccabi Haifa,Israeli Premier League,False,75,wikipedia;sofascore
senegal_5,Senegal,I,Idrissa Gueye,,5,MF,1989-09-26,36,"5' 9""",146 lbs,Everton,Premier League,True,130,7,,,,106337,Everton,Premier League,False,75,wikipedia;sofascore
senegal_6,Senegal,I,Pathé Ciss,,6,MF,1994-03-16,32,"6' 1""",157 lbs,Rayo Vallecano,La Liga,True,29,0,,,,913679,Rayo Vallecano,LaLiga,False,75,wikipedia;sofascore
senegal_7,Senegal,I,Assane Diao,,7,FW,2005-09-07,20,"6' 1""",174 lbs,Como,Serie A,True,5,0,,,,1493689,Como,"Serie C, Girone A",False,75,wikipedia;sofascore
senegal_8,Senegal,I,Lamine Camara,,8,MF,2004-01-01,22,"5' 8""",141 lbs,Monaco,Ligue 1,True,32,7,,,,1389846,AS Monaco,Ligue 1,False,75,wikipedia;sofascore
senegal_9,Senegal,I,Bamba Dieng,,9,FW,2000-03-23,26,"5' 10""",159 lbs,Lorient,,True,22,2,,,,1102503,Lorient,Ligue 1,False,75,wikipedia;sofascore
senegal_10,Senegal,I,Sadio Mané,,10,FW,1992-04-10,34,"5' 9""",150 lbs,Al-Nassr,Saudi Pro League,True,127,55,,,,217704,Al-Nassr,Saudi Pro League,False,75,wikipedia;sofascore
senegal_11,Senegal,I,Nicolas Jackson,,11,FW,2001-06-20,24,"6' 2""",181 lbs,Bayern Munich,Bundesliga,True,32,8,,,,1085381,FC Bayern München,Bundesliga,False,75,wikipedia;sofascore
senegal_12,Senegal,I,Cherif Ndiaye,,12,FW,1996-01-23,30,"6' 3""",183 lbs,Samsunspor,,False,18,4,,,,868268,Samsunspor,Trendyol 1.Lig,False,75,wikipedia;sofascore
senegal_13,Senegal,I,Iliman Ndiaye,,13,FW,2000-03-06,26,"5' 11""",152 lbs,Everton,Premier League,True,39,4,,,,914309,Everton,Premier League,False,75,wikipedia;sofascore
senegal_14,Senegal,I,Ismail Jakobs,,14,DF,1999-08-17,26,"6' 0""",163 lbs,Galatasaray,,False,29,0,,,,897291,Galatasaray,Trendyol Süper Lig,False,75,wikipedia;sofascore
senegal_15,Senegal,I,Krépin Diatta,,15,DF,1999-02-25,27,"5' 9""",150 lbs,Monaco,Ligue 1,True,60,2,,,,873534,AS Monaco,Ligue 1,False,75,wikipedia;sofascore
senegal_16,Senegal,I,Édouard Mendy,,16,GK,1992-03-01,34,"6' 4""",190 lbs,Al-Ahli,Saudi Pro League,True,56,0,,,,845074,Al-Ahli,Saudi Pro League,False,75,wikipedia;sofascore
senegal_17,Senegal,I,Pape Matar Sarr,,17,MF,2002-09-14,23,"6' 1""",152 lbs,Tottenham Hotspur,Premier League,True,39,4,,,,1002711,Tottenham Hotspur,Premier League,False,75,wikipedia;sofascore
senegal_18,Senegal,I,Ismaïla Sarr,,18,FW,1998-02-25,28,"6' 1""",168 lbs,Crystal Palace,Premier League,True,82,19,,,,845286,Crystal Palace,Premier League,False,75,wikipedia;sofascore
senegal_19,Senegal,I,Moussa Niakhaté,,19,DF,1996-03-08,30,"6' 3""",181 lbs,Lyon,Ligue 1,True,30,0,,,,758168,Olympique Lyonnais,Ligue 1,False,75,wikipedia;sofascore
senegal_20,Senegal,I,Ibrahim Mbaye,,20,FW,2008-01-24,18,"6' 1""",141 lbs,Paris Saint-Germain,Ligue 1,True,10,3,,,,1590918,Paris Saint-Germain,Ligue 1,False,75,wikipedia;sofascore
senegal_21,Senegal,I,Habib Diarra,,21,MF,2004-01-03,22,"5' 10""",161 lbs,Sunderland,,False,20,4,,,,1128532,Sunderland,League One,False,75,wikipedia;sofascore
senegal_22,Senegal,I,Bara Sapoko Ndiaye,,22,MF,2007-12-31,18,"5' 11""",152 lbs,Bayern Munich,Bundesliga,True,1,0,,,,2427970,FC Bayern München,Bundesliga,False,75,wikipedia;sofascore
senegal_23,Senegal,I,Mory Diaw,,23,GK,1993-06-22,32,"6' 6""",207 lbs,Le Havre,Ligue 1,False,5,0,,,,580226,Le Havre,Ligue 2,False,75,wikipedia;sofascore
senegal_24,Senegal,I,Antoine Mendy,,24,DF,2004-05-27,22,"6' 2""",163 lbs,Nice,Ligue 1,True,6,0,,,,1120615,Nice,Ligue 1,False,75,wikipedia;sofascore
senegal_25,Senegal,I,El Hadji Malick Diouf,,25,DF,2004-12-29,21,"6' 0""",170 lbs,West Ham United,Premier League,True,19,1,,,,1471764,West Ham United,Premier League,False,75,wikipedia;sofascore
senegal_26,Senegal,I,Pape Gueye,,26,MF,1999-01-24,27,"6' 2""",172 lbs,Villarreal,La Liga,True,41,5,,,,879694,Villarreal,LaLiga,False,75,wikipedia;sofascore
south-africa_1,South Africa,A,Ronwen Williams(captain),Ronwen Williams,1,GK,1992-01-21,34,"6' 0""",172 lbs,Mamelodi Sundowns,,False,62,0,,,,,,,False,50,wikipedia
south-africa_2,South Africa,A,Thabang Matuludi,,2,DF,1999-01-14,27,"6' 2""",183 lbs,Polokwane City,,False,2,0,1200000,€1.2m,1109254,1470073,Polokwane City,Motsepe Foundation Championship,False,100,wikipedia;transfermarkt;sofascore
south-africa_3,South Africa,A,Khulumani Ndamane,,3,DF,2004-02-05,22,"6' 0""",168 lbs,Mamelodi Sundowns,,False,5,0,1200000,€1.2m,1283140,1910804,Mamelodi Sundowns,South African Premier Division,False,100,wikipedia;transfermarkt;sofascore
south-africa_4,South Africa,A,Teboho Mokoena,,4,MF,1997-01-24,29,"5' 9""",150 lbs,Mamelodi Sundowns,,False,51,9,2800000,€2.8m,436372,881117,Mamelodi Sundowns,South African Premier Division,False,100,wikipedia;transfermarkt;sofascore
south-africa_5,South Africa,A,Thalente Mbatha,,5,MF,2000-03-06,26,"5' 11""",157 lbs,Orlando Pirates,,False,14,3,2000000,€2m,735697,1014410,Orlando Pirates,South African Premier Division,False,100,wikipedia;transfermarkt;sofascore
south-africa_6,South Africa,A,Aubrey Modiba,,6,DF,1995-07-22,30,"5' 6""",117 lbs,Mamelodi Sundowns,,False,44,3,1800000,€1.8m,353432,837099,Mamelodi Sundowns,South African Premier Division,False,100,wikipedia;transfermarkt;sofascore
south-africa_7,South Africa,A,Oswin Appollis,,7,FW,2001-08-25,24,"5' 7""",121 lbs,Orlando Pirates,,False,25,8,2500000,€2.5m,673381,984505,Orlando Pirates,South African Premier Division,False,100,wikipedia;transfermarkt;sofascore
south-africa_8,South Africa,A,Tshepang Moremi,,8,FW,2000-10-02,25,"5' 6""",139 lbs,Orlando Pirates,,False,9,1,1400000,€1.4m,844485,1101745,Orlando Pirates,South African Premier Division,False,100,wikipedia;transfermarkt;sofascore
south-africa_9,South Africa,A,Lyle Foster,,9,FW,2000-09-03,25,"6' 1""",152 lbs,Burnley,,True,26,10,8000000,€8m,467623,901907,Burnley,Premier League,False,100,wikipedia;transfermarkt;sofascore
south-africa_10,South Africa,A,Relebohile Mofokeng,,10,FW,2004-10-23,21,"5' 7""",119 lbs,Orlando Pirates,,False,12,0,3000000,€3m,1125037,1564998,Orlando Pirates,South African Premier Division,False,100,wikipedia;transfermarkt;sofascore
south-africa_11,South Africa,A,Themba Zwane,,11,MF,1989-08-03,36,"5' 7""",148 lbs,Mamelodi Sundowns,,False,53,12,250000,€250k,176578,559504,Mamelodi Sundowns,South African Premier Division,False,100,wikipedia;transfermarkt;sofascore
south-africa_12,South Africa,A,Thapelo Maseko,,12,FW,2003-11-11,22,"5' 10""",146 lbs,AEL Limassol,,False,9,1,750000,€750k,983330,1179164,AEL Limassol,Cyprus League by Stoiximan,False,100,wikipedia;transfermarkt;sofascore
south-africa_13,South Africa,A,Sphephelo Sithole,,13,MF,1999-03-03,27,"6' 2""",172 lbs,Tondela,,False,27,1,600000,€600k,401736,822684,Tondela,Liga Portugal Betclic,False,100,wikipedia;transfermarkt;sofascore
south-africa_14,South Africa,A,Mbekezeli Mbokazi,,14,DF,2005-09-19,20,"5' 11""",196 lbs,Chicago Fire FC,,False,10,1,3500000,€3.5m,1378320,2058228,Chicago Fire,MLS,False,100,wikipedia;transfermarkt;sofascore
south-africa_15,South Africa,A,Iqraam Rayners,,15,FW,1995-12-19,30,"5' 9""",152 lbs,Mamelodi Sundowns,,False,13,4,2800000,€2.8m,337884,991024,Mamelodi Sundowns,South African Premier Division,False,100,wikipedia;transfermarkt;sofascore
south-africa_16,South Africa,A,Sipho Chaine,,16,GK,1996-12-14,29,"6' 1""",170 lbs,Orlando Pirates,,False,3,0,1600000,€1.6m,453370,903610,Orlando Pirates,South African Premier Division,False,100,wikipedia;transfermarkt;sofascore
south-africa_17,South Africa,A,Evidence Makgopa,,17,FW,2000-06-05,26,"6' 2""",181 lbs,Orlando Pirates,,False,26,6,1400000,€1.4m,746781,1022170,Orlando Pirates,South African Premier Division,False,100,wikipedia;transfermarkt;sofascore
south-africa_18,South Africa,A,Samukele Kabini,,18,DF,2004-03-15,22,"5' 11""",172 lbs,Molde,,False,5,0,2500000,€2.5m,1175086,1518180,Molde FK,Eliteserien,False,100,wikipedia;transfermarkt;sofascore
south-africa_19,South Africa,A,Nkosinathi Sibisi,,19,DF,1995-09-22,30,"5' 10""",139 lbs,Orlando Pirates,,False,19,0,1600000,€1.6m,399068,902117,Orlando Pirates,South African Premier Division,False,100,wikipedia;transfermarkt;sofascore
south-africa_20,South Africa,A,Khuliso Mudau,,20,DF,1995-04-26,31,"5' 11""",159 lbs,Mamelodi Sundowns,,False,32,1,1200000,€1.2m,450806,936047,Mamelodi Sundowns,South African Premier Division,False,100,wikipedia;transfermarkt;sofascore
south-africa_21,South Africa,A,Ime Okon,,21,DF,2004-02-20,22,"6' 2""",183 lbs,Hannover 96,,False,7,1,2000000,€2m,1107265,1507710,Hannover 96,2. Bundesliga,False,100,wikipedia;transfermarkt;sofascore
south-africa_22,South Africa,A,Ricardo Goss,,22,GK,1994-04-02,32,"5' 11""",163 lbs,Siwelele,,False,4,0,350000,€350k,258304,966059,Siwelele FC,South African Premier Division,False,100,wikipedia;transfermarkt;sofascore
south-africa_23,South Africa,A,Jayden Adams,,23,MF,2001-05-05,25,"5' 9""",150 lbs,Mamelodi Sundowns,,False,4,0,1800000,€1.8m,804472,1049669,Mamelodi Sundowns,South African Premier Division,False,100,wikipedia;transfermarkt;sofascore
south-africa_24,South Africa,A,Olwethu Makhanya,,24,DF,2004-04-30,22,"6' 2""",172 lbs,Philadelphia Union,,False,0,0,2000000,€2m,1069801,1415019,Philadelphia Union,MLS,False,95,wikipedia;transfermarkt;sofascore
south-africa_25,South Africa,A,Kamogelo Sebelebele,,25,MF,2002-07-21,23,"5' 5""",139 lbs,Orlando Pirates,,False,2,0,1200000,€1.2m,994370,1210653,Orlando Pirates,South African Premier Division,False,100,wikipedia;transfermarkt;sofascore
south-africa_26,South Africa,A,Bradley Cross,,26,DF,2001-01-30,25,"6' 0""",170 lbs,Kaizer Chiefs,,False,0,0,1000000,€1m,555209,1085536,Kaizer Chiefs,South African Premier Division,False,95,wikipedia;transfermarkt;sofascore
south-korea_1,South Korea,A,Kim Seung-gyu,Kim Seung-Gyu,1,GK,1990-09-30,35,"6' 2""",183 lbs,FC Tokyo,,False,87,0,,,,235686,FC Tokyo,J1 League,False,75,wikipedia;sofascore
south-korea_2,South Korea,A,Lee Han-beom,Lee Han-Beom,2,DF,2002-06-17,23,"6' 3""",159 lbs,Midtjylland,,False,8,0,,,,,,,False,50,wikipedia
south-korea_3,South Korea,A,Lee Gi-hyuk,Lee Gi-Hyuk,3,MF,2000-07-07,25,"6' 0""",159 lbs,Gangwon FC,,False,3,0,,,,,,,False,50,wikipedia
south-korea_4,South Korea,A,Kim Min-jae,Kim Min-Jae,4,DF,1996-11-15,29,"6' 3""",179 lbs,Bayern Munich,Bundesliga,True,79,4,,,,896569,FC Bayern München,Bundesliga,False,75,wikipedia;sofascore
south-korea_5,South Korea,A,Kim Tae-hyeon,Kim Tae-Hyeon,5,DF,2000-09-17,25,"6' 2""",181 lbs,Kashima Antlers,,False,7,0,,,,976203,Kashima Antlers,J1 League,False,75,wikipedia;sofascore
south-korea_6,South Korea,A,Hwang In-beom,Hwang In-Beom,6,MF,1996-09-20,29,"5' 10""",152 lbs,Feyenoord,,False,73,6,,,,889689,Feyenoord,VriendenLoterij Eredivisie,False,75,wikipedia;sofascore
south-korea_7,South Korea,A,Son Heung-min(captain),Son Heung-Min,7,FW,1992-07-08,33,"6' 0""",168 lbs,Los Angeles FC,,False,144,56,,,,,,,False,50,wikipedia
south-korea_8,South Korea,A,Paik Seung-ho,Paik Seung-Ho,8,MF,1997-03-17,29,"6' 0""",159 lbs,Birmingham City,,False,27,3,,,,,,,False,50,wikipedia
south-korea_9,South Korea,A,Cho Gue-sung,Cho Gue-Sung,9,FW,1998-01-25,28,"6' 2""",181 lbs,Midtjylland,,False,44,12,,,,,,,False,50,wikipedia
south-korea_10,South Korea,A,Lee Jae-sung,Lee Jae-Sung,10,MF,1992-08-10,33,"5' 11""",152 lbs,Mainz 05,,False,105,15,,,,,,,False,50,wikipedia
south-korea_11,South Korea,A,Hwang Hee-chan,Hwang Hee-Chan,11,FW,1996-01-26,30,"5' 10""",170 lbs,Wolverhampton Wanderers,Premier League,True,79,17,,,,786186,Wolverhampton,Premier League,False,75,wikipedia;sofascore
south-korea_12,South Korea,A,Song Bum-keun,Song Bum-Keun,12,GK,1997-10-15,28,"6' 5""",196 lbs,Jeonbuk Hyundai Motors,,False,3,0,,,,940057,Jeonbuk Hyundai Motors,K League 1,False,75,wikipedia;sofascore
south-korea_13,South Korea,A,Lee Tae-seok,Lee Tae-Seok,13,DF,2002-07-28,23,"5' 9""",157 lbs,Austria Wien,,False,15,1,,,,1002355,FK Austria Wien,Austrian Bundesliga,False,75,wikipedia;sofascore
south-korea_14,South Korea,A,Cho Wi-je,Cho Wi-Je,14,DF,2001-08-25,24,"6' 2""",181 lbs,Jeonbuk Hyundai Motors,,False,1,0,,,,,,,False,50,wikipedia
south-korea_15,South Korea,A,Kim Moon-hwan,Kim Moon-Hwan,15,DF,1995-08-01,30,"5' 8""",139 lbs,Daejeon Hana Citizen,,False,35,0,,,,921263,Daejeon Hana Citizen,K League 2,False,75,wikipedia;sofascore
south-korea_16,South Korea,A,Park Jin-seob,Park Jin-Seop,16,MF,1995-10-23,30,"6' 1""",170 lbs,Zhejiang,,False,14,1,,,,,,,False,50,wikipedia
south-korea_17,South Korea,A,Bae Jun-ho,Bae Jun-Ho,17,MF,2003-08-21,22,"5' 11""",152 lbs,Stoke City,,False,13,2,,,,,,,False,50,wikipedia
south-korea_18,South Korea,A,Oh Hyeon-gyu,Oh Hyeon-Gyu,18,FW,2001-04-12,25,"6' 2""",159 lbs,Beşiktaş,,False,27,6,,,,,,,False,50,wikipedia
south-korea_19,South Korea,A,Lee Kang-in,Lee Kang-In,19,MF,2001-02-19,25,"5' 8""",146 lbs,Paris Saint-Germain,Ligue 1,True,47,11,,,,,,,False,50,wikipedia
south-korea_20,South Korea,A,Yang Hyun-jun,Yang Hyun-Jun,20,FW,2002-05-25,24,"5' 9""",161 lbs,Celtic,,False,9,0,,,,1103531,Celtic,Scottish Premiership,False,75,wikipedia;sofascore
south-korea_21,South Korea,A,Jo Hyeon-woo,Jo Hyeon-Woo,21,GK,1991-09-25,34,"6' 2""",163 lbs,Ulsan HD,,False,48,0,,,,,,,False,50,wikipedia
south-korea_22,South Korea,A,Seol Young-woo,Seol Young-Woo,22,DF,1998-12-05,27,"6' 0""",159 lbs,Red Star Belgrade,,False,34,0,,,,,,,False,50,wikipedia
south-korea_23,South Korea,A,Jens Castrop,,23,MF,2003-07-29,22,"5' 10""",168 lbs,Borussia Mönchengladbach,Bundesliga,True,7,0,10000000,€10m,613192,1019312,Borussia M'gladbach,Bundesliga,False,100,wikipedia;transfermarkt;sofascore
south-korea_24,South Korea,A,Kim Jin-gyu,Kim Jin-Gyu,24,MF,1997-02-24,29,"5' 10""",150 lbs,Jeonbuk Hyundai Motors,,False,22,3,,,,,,,False,50,wikipedia
south-korea_25,South Korea,A,Eom Ji-sung,Eom Ji-Sung,25,FW,2002-05-09,24,"5' 10""",152 lbs,Swansea City,,False,9,2,,,,,,,False,50,wikipedia
south-korea_26,South Korea,A,Lee Dong-gyeong,Lee Dong-Gyeong,26,MF,1997-09-20,28,"5' 9""",150 lbs,Ulsan HD,,False,18,4,,,,,,,False,50,wikipedia
spain_1,Spain,H,David Raya,,1,GK,1995-09-15,30,"6' 0""",174 lbs,Arsenal,Premier League,True,12,0,30000000,€30m,262749,581310,Arsenal,Premier League,False,100,wikipedia;transfermarkt;sofascore
spain_2,Spain,H,Marc Pubill,,2,DF,2003-06-20,22,"6' 3""",190 lbs,Atlético Madrid,La Liga,True,1,0,35000000,€35m,844637,1094106,Atlético Madrid,LaLiga,False,100,wikipedia;transfermarkt;sofascore
spain_3,Spain,H,Álex Grimaldo,Alejandro Grimaldo,3,DF,1995-09-20,30,"5' 7""",139 lbs,Bayer Leverkusen,Bundesliga,True,13,0,20000000,€20m,193082,177177,Bayer 04 Leverkusen,Bundesliga,False,100,wikipedia;transfermarkt;sofascore
spain_4,Spain,H,Eric García,,4,DF,2001-01-09,25,"5' 11""",170 lbs,Barcelona,La Liga,True,20,0,40000000,€40m,466794,876214,FC Barcelona,LaLiga,False,100,wikipedia;transfermarkt;sofascore
spain_5,Spain,H,Marcos Llorente,,5,MF,1995-01-30,31,"6' 0""",161 lbs,Atlético Madrid,La Liga,True,23,0,20000000,€20m,282411,353138,Atlético Madrid,LaLiga,False,100,wikipedia;transfermarkt;sofascore
spain_6,Spain,H,Mikel Merino,,6,MF,1996-06-22,29,"6' 2""",183 lbs,Arsenal,Premier League,True,42,10,25000000,€25m,338424,592010,Arsenal,Premier League,False,100,wikipedia;transfermarkt;sofascore
spain_7,Spain,H,Ferran Torres,,7,FW,2000-02-29,26,"6' 0""",174 lbs,Barcelona,La Liga,True,56,24,50000000,€50m,398184,855833,FC Barcelona,LaLiga,False,100,wikipedia;transfermarkt;sofascore
spain_8,Spain,H,Fabián Ruiz,,8,MF,1996-04-03,30,"6' 2""",152 lbs,Paris Saint-Germain,Ligue 1,True,41,6,30000000,€30m,350219,784655,Paris Saint-Germain,Ligue 1,False,100,wikipedia;transfermarkt;sofascore
spain_9,Spain,H,Gavi,,9,MF,2004-08-05,21,"5' 9""",150 lbs,Barcelona,La Liga,True,29,5,30000000,€30m,646740,1103693,FC Barcelona,LaLiga,False,100,wikipedia;transfermarkt;sofascore
spain_10,Spain,H,Dani Olmo,,10,MF,1998-05-07,28,"6' 0""",161 lbs,Barcelona,La Liga,True,49,12,60000000,€60m,293385,789071,FC Barcelona,LaLiga,False,100,wikipedia;transfermarkt;sofascore
spain_11,Spain,H,Yéremy Pino,,11,MF,2002-10-20,23,"5' 8""",141 lbs,Crystal Palace,Premier League,True,22,4,30000000,€30m,568157,984624,Crystal Palace,Premier League,False,100,wikipedia;transfermarkt;sofascore
spain_12,Spain,H,Pedro Porro,,12,DF,1999-09-13,26,"5' 8""",150 lbs,Tottenham Hotspur,Premier League,True,17,0,35000000,€35m,553875,913654,Tottenham Hotspur,Premier League,False,100,wikipedia;transfermarkt;sofascore
spain_13,Spain,H,Joan Garcia,Joan García,13,GK,2001-05-04,25,"6' 4""",185 lbs,Barcelona,La Liga,True,2,0,45000000,€45m,561613,930267,FC Barcelona,LaLiga,False,100,wikipedia;transfermarkt;sofascore
spain_14,Spain,H,Aymeric Laporte,,14,DF,1994-05-27,32,"6' 2""",190 lbs,Athletic Bilbao,La Liga,True,45,2,8000000,€8m,176553,149734,Athletic Club,LaLiga,False,100,wikipedia;transfermarkt;sofascore
spain_15,Spain,H,Álex Baena,,15,MF,2001-07-20,24,"5' 9""",152 lbs,Atlético Madrid,La Liga,True,16,2,40000000,€40m,548111,910031,Atlético Madrid,LaLiga,False,100,wikipedia;transfermarkt;sofascore
spain_16,Spain,H,Rodri(captain),Rodri,16,MF,1996-06-22,29,"6' 3""",181 lbs,Manchester City,Premier League,True,61,4,,,,,,,False,50,wikipedia
spain_17,Spain,H,Nico Williams,,17,FW,2002-07-12,23,"5' 11""",148 lbs,Athletic Bilbao,La Liga,True,30,6,40000000,€40m,709187,1085400,Athletic Club,LaLiga,False,100,wikipedia;transfermarkt;sofascore
spain_18,Spain,H,Martín Zubimendi,,18,MF,1999-02-02,27,"5' 11""",161 lbs,Arsenal,Premier League,True,25,3,75000000,€75m,423440,966837,Arsenal,Premier League,False,100,wikipedia;transfermarkt;sofascore
spain_19,Spain,H,Lamine Yamal,,19,FW,2007-07-13,18,"5' 10""",168 lbs,Barcelona,La Liga,True,25,6,200000000,€200m,937958,1402912,FC Barcelona,LaLiga,False,100,wikipedia;transfermarkt;sofascore
spain_20,Spain,H,Pedri,,20,MF,2002-11-25,23,"5' 9""",150 lbs,Barcelona,La Liga,True,40,5,150000000,€150m,683840,992587,FC Barcelona,LaLiga,False,100,wikipedia;transfermarkt;sofascore
spain_21,Spain,H,Mikel Oyarzabal,,21,FW,1997-04-21,29,"5' 11""",172 lbs,Real Sociedad,La Liga,True,52,24,25000000,€25m,351478,823622,Real Sociedad,LaLiga,False,100,wikipedia;transfermarkt;sofascore
spain_22,Spain,H,Pau Cubarsí,,22,DF,2007-01-22,19,"6' 0""",172 lbs,Barcelona,La Liga,True,11,0,80000000,€80m,962110,1402913,FC Barcelona,LaLiga,False,100,wikipedia;transfermarkt;sofascore
spain_23,Spain,H,Unai Simón,,23,GK,1997-06-11,29,"6' 3""",192 lbs,Athletic Bilbao,La Liga,True,57,0,22000000,€22m,262396,797291,Athletic Club,LaLiga,False,100,wikipedia;transfermarkt;sofascore
spain_24,Spain,H,Marc Cucurella,,24,DF,1998-07-22,27,"5' 9""",146 lbs,Chelsea,Premier League,True,23,1,50000000,€50m,284857,794939,Chelsea,Premier League,False,100,wikipedia;transfermarkt;sofascore
spain_25,Spain,H,Víctor Muñoz,,25,FW,2003-07-13,22,"5' 8""",152 lbs,Osasuna,La Liga,True,2,1,30000000,€30m,935231,1145642,Osasuna,LaLiga,False,100,wikipedia;transfermarkt;sofascore
spain_26,Spain,H,Borja Iglesias,,26,FW,1993-01-17,33,"6' 2""",190 lbs,Celta Vigo,La Liga,True,7,0,2800000,€2.8m,278359,785989,Celta Vigo,LaLiga,False,100,wikipedia;transfermarkt;sofascore
sweden_1,Sweden,F,Jacob Widell Zetterström,,1,GK,1998-07-11,27,"6' 6""",192 lbs,Derby County,,False,3,0,2500000,€2.5m,549440,978728,Derby County,Championship,False,100,wikipedia;transfermarkt;sofascore
sweden_2,Sweden,F,Gustaf Lagerbielke,,2,DF,2000-04-10,26,"6' 4""",174 lbs,Braga,,False,11,2,10000000,€10m,485395,965263,Sporting Braga,Liga Portugal Betclic,False,100,wikipedia;transfermarkt;sofascore
sweden_3,Sweden,F,Victor Lindelöf(captain),Victor Lindelöf,3,DF,1994-07-17,31,"6' 2""",181 lbs,Aston Villa,Premier League,True,76,3,,,,,,,False,50,wikipedia
sweden_4,Sweden,F,Isak Hien,,4,DF,1999-01-13,27,"6' 3""",192 lbs,Atalanta,Serie A,True,29,0,22000000,€22m,503075,1157713,Atalanta,Serie A,False,100,wikipedia;transfermarkt;sofascore
sweden_5,Sweden,F,Gabriel Gudmundsson,,5,DF,1999-04-29,27,"5' 11""",163 lbs,Leeds United,,True,24,0,20000000,€20m,362108,834308,Leeds United,Premier League,False,100,wikipedia;transfermarkt;sofascore
sweden_6,Sweden,F,Herman Johansson,,6,MF,1997-10-16,28,"6' 3""",183 lbs,FC Dallas,,False,3,0,1800000,€1.8m,744853,1099794,FC Dallas,MLS,False,100,wikipedia;transfermarkt;sofascore
sweden_7,Sweden,F,Lucas Bergvall,,7,MF,2006-02-02,20,"6' 2""",163 lbs,Tottenham Hotspur,Premier League,True,10,0,35000000,€35m,866246,1391251,Tottenham Hotspur,Premier League,False,100,wikipedia;transfermarkt;sofascore
sweden_8,Sweden,F,Daniel Svensson,,8,DF,2002-02-12,24,"6' 0""",159 lbs,Borussia Dortmund,Bundesliga,True,13,0,22000000,€22m,579287,1021272,Borussia Dortmund,Bundesliga,False,100,wikipedia;transfermarkt;sofascore
sweden_9,Sweden,F,Alexander Isak,,9,FW,1999-09-21,26,"6' 3""",161 lbs,Liverpool,Premier League,True,58,17,85000000,€85m,349066,823941,Liverpool FC,Premier League,False,100,wikipedia;transfermarkt;sofascore
sweden_10,Sweden,F,Benjamin Nygren,,10,FW,2001-07-08,24,"6' 2""",168 lbs,Celtic,,False,11,3,14000000,€14m,475949,918517,Celtic,Scottish Premiership,False,100,wikipedia;transfermarkt;sofascore
sweden_11,Sweden,F,Anthony Elanga,,11,FW,2002-04-27,24,"5' 10""",163 lbs,Newcastle United,Premier League,True,30,6,32000000,€32m,583189,979232,Newcastle United,Premier League,False,100,wikipedia;transfermarkt;sofascore
sweden_12,Sweden,F,Viktor Johansson,,12,GK,1998-09-14,27,"6' 2""",174 lbs,Stoke City,,False,12,0,12000000,€12m,273742,561430,Stoke City,Championship,False,100,wikipedia;transfermarkt;sofascore
sweden_13,Sweden,F,Ken Sema,,13,MF,1993-09-30,32,"5' 11""",181 lbs,Pafos,,False,33,5,800000,€800k,252345,319847,Pafos FC,Cyprus League by Stoiximan,False,100,wikipedia;transfermarkt;sofascore
sweden_14,Sweden,F,Hjalmar Ekdal,,14,DF,1998-10-21,27,"6' 2""",168 lbs,Burnley,,True,13,0,5000000,€5m,392179,875360,Burnley,Premier League,False,100,wikipedia;transfermarkt;sofascore
sweden_15,Sweden,F,Carl Starfelt,,15,DF,1995-06-01,31,"6' 1""",183 lbs,Celta Vigo,La Liga,True,18,0,4500000,€4.5m,258987,360718,Celta Vigo,LaLiga,False,100,wikipedia;transfermarkt;sofascore
sweden_16,Sweden,F,Jesper Karlström,,16,MF,1995-06-21,30,"6' 0""",179 lbs,Udinese,Serie A,True,25,0,4000000,€4m,222855,227894,Udinese,Serie A,False,100,wikipedia;transfermarkt;sofascore
sweden_17,Sweden,F,Viktor Gyökeres,,17,FW,1998-06-04,28,"6' 2""",196 lbs,Arsenal,Premier League,True,33,20,65000000,€65m,325443,804508,Arsenal,Premier League,False,100,wikipedia;transfermarkt;sofascore
sweden_18,Sweden,F,Yasin Ayari,,18,MF,2003-10-06,22,"5' 8""",150 lbs,Brighton & Hove Albion,Premier League,True,21,3,35000000,€35m,667287,1036269,Brighton & Hove Albion,Premier League,False,100,wikipedia;transfermarkt;sofascore
sweden_19,Sweden,F,Mattias Svanberg,,19,MF,1999-01-05,27,"6' 1""",170 lbs,VfL Wolfsburg,Bundesliga,True,41,2,8000000,€8m,342405,796987,VfL Wolfsburg,Bundesliga,False,100,wikipedia;transfermarkt;sofascore
sweden_20,Sweden,F,Eric Smith,,20,DF,1997-01-08,29,"6' 4""",190 lbs,FC St. Pauli,Bundesliga,False,2,0,5000000,€5m,292534,542038,FC St. Pauli,2. Bundesliga,False,100,wikipedia;transfermarkt;sofascore
sweden_21,Sweden,F,Alexander Bernhardsson,,21,FW,1998-09-08,27,"6' 0""",152 lbs,Holstein Kiel,Bundesliga,False,11,0,3000000,€3m,633454,980916,Holstein Kiel,2. Bundesliga,False,100,wikipedia;transfermarkt;sofascore
sweden_22,Sweden,F,Besfort Zeneli,,22,MF,2002-11-21,23,"6' 2""",157 lbs,Union Saint-Gilloise,,False,8,0,6000000,€6m,715653,1173223,Royale Union Saint-Gilloise,Pro League,False,100,wikipedia;transfermarkt;sofascore
sweden_23,Sweden,F,Kristoffer Nordfeldt,,23,GK,1989-06-23,36,"6' 3""",185 lbs,AIK,,False,21,0,175000,€175k,75890,22596,AIK,Allsvenskan,False,100,wikipedia;transfermarkt;sofascore
sweden_24,Sweden,F,Elliot Stroud,,24,MF,2002-06-22,23,"6' 1""",163 lbs,Mjällby AIF,,False,1,0,5000000,€5m,687622,1383695,Mjällby AIF,Allsvenskan,False,100,wikipedia;transfermarkt;sofascore
sweden_25,Sweden,F,Gustaf Nilsson,,25,FW,1997-05-23,29,"6' 6""",192 lbs,Club Brugge,,False,10,4,1800000,€1.8m,320440,572286,Club Brugge KV,Pro League,False,100,wikipedia;transfermarkt;sofascore
sweden_26,Sweden,F,Taha Ali,,26,MF,1998-07-01,27,"5' 9""",139 lbs,Malmö FF,,False,2,0,1500000,€1.5m,731771,1022820,Malmö FF,Allsvenskan,False,100,wikipedia;transfermarkt;sofascore
switzerland_1,Switzerland,B,Gregor Kobel,,1,GK,1997-12-06,28,"6' 5""",192 lbs,Borussia Dortmund,Bundesliga,True,21,0,40000000,€40m,257814,556866,Borussia Dortmund,Bundesliga,False,100,wikipedia;transfermarkt;sofascore
switzerland_2,Switzerland,B,Miro Muheim,,2,DF,1998-03-24,28,"6' 0""",170 lbs,Hamburger SV,,False,10,0,5000000,€5m,298603,798303,Hamburger SV,2. Bundesliga,False,100,wikipedia;transfermarkt;sofascore
switzerland_3,Switzerland,B,Silvan Widmer,,3,DF,1993-03-05,33,"6' 0""",170 lbs,Mainz 05,,True,60,5,800000,€800k,168989,157377,1. FSV Mainz 05,Bundesliga,False,100,wikipedia;transfermarkt;sofascore
switzerland_4,Switzerland,B,Nico Elvedi,,4,DF,1996-09-30,29,"6' 2""",183 lbs,Borussia Mönchengladbach,Bundesliga,True,67,3,8000000,€8m,192635,282229,Borussia M'gladbach,Bundesliga,False,100,wikipedia;transfermarkt;sofascore
switzerland_5,Switzerland,B,Manuel Akanji,,5,DF,1995-07-19,30,"6' 2""",201 lbs,Inter Milan,Serie A,True,81,4,17000000,€17m,284730,383560,Inter,Serie A,False,100,wikipedia;transfermarkt;sofascore
switzerland_6,Switzerland,B,Denis Zakaria,,6,MF,1996-11-20,29,"6' 3""",168 lbs,Monaco,Ligue 1,True,65,3,25000000,€25m,334526,770677,AS Monaco,Ligue 1,False,100,wikipedia;transfermarkt;sofascore
switzerland_7,Switzerland,B,Breel Embolo,,7,FW,1997-02-14,29,"6' 2""",183 lbs,Rennes,Ligue 1,True,86,24,15000000,€15m,237662,352296,Stade Rennais,Ligue 1,False,100,wikipedia;transfermarkt;sofascore
switzerland_8,Switzerland,B,Remo Freuler,,8,MF,1992-04-15,34,"5' 11""",170 lbs,Bologna,Serie A,True,88,11,3000000,€3m,148252,115516,Bologna,Serie A,False,100,wikipedia;transfermarkt;sofascore
switzerland_9,Switzerland,B,Johan Manzambi,,9,MF,2005-10-14,20,"6' 0""",163 lbs,SC Freiburg,Bundesliga,True,12,3,50000000,€50m,927353,1518931,SC Freiburg,Bundesliga,False,100,wikipedia;transfermarkt;sofascore
switzerland_10,Switzerland,B,Granit Xhaka(captain),Granit Xhaka,10,MF,1992-09-27,33,"6' 1""",174 lbs,Sunderland,,False,146,17,,,,,,,False,50,wikipedia
switzerland_11,Switzerland,B,Dan Ndoye,,11,FW,2000-10-25,25,"6' 0""",159 lbs,Nottingham Forest,Premier League,True,31,8,32000000,€32m,365108,944327,Nottingham Forest,Championship,False,100,wikipedia;transfermarkt;sofascore
switzerland_12,Switzerland,B,Yvon Mvogo,,12,GK,1994-06-06,32,"6' 3""",192 lbs,Lorient,,True,13,0,2500000,€2.5m,147051,149656,Lorient,Ligue 1,False,100,wikipedia;transfermarkt;sofascore
switzerland_13,Switzerland,B,Ricardo Rodriguez,Ricardo Rodríguez,13,DF,1992-08-25,33,"6' 0""",183 lbs,Real Betis,La Liga,True,138,9,1400000,€1.4m,86784,67769,Real Betis,LaLiga,False,100,wikipedia;transfermarkt;sofascore
switzerland_14,Switzerland,B,Ardon Jashari,,14,MF,2002-07-30,23,"5' 11""",179 lbs,Milan,Serie A,True,8,0,25000000,€25m,608172,1034082,AC Milan,Serie A,False,100,wikipedia;transfermarkt;sofascore
switzerland_15,Switzerland,B,Djibril Sow,,15,MF,1997-02-06,29,"6' 0""",168 lbs,Sevilla,La Liga,True,52,0,7500000,€7.5m,212723,799054,Sevilla,LaLiga,False,100,wikipedia;transfermarkt;sofascore
switzerland_16,Switzerland,B,Christian Fassnacht,,16,MF,1993-11-11,32,"6' 1""",172 lbs,Young Boys,,False,23,5,2000000,€2m,250490,787422,BSC Young Boys,Swiss Super League,False,100,wikipedia;transfermarkt;sofascore
switzerland_17,Switzerland,B,Rubén Vargas,,17,MF,1998-08-05,27,"5' 10""",170 lbs,Sevilla,La Liga,True,61,11,12000000,€12m,345886,872919,Sevilla,LaLiga,False,100,wikipedia;transfermarkt;sofascore
switzerland_18,Switzerland,B,Eray Cömert,,18,DF,1998-02-04,28,"6' 0""",174 lbs,Valencia,La Liga,True,22,0,2500000,€2.5m,298583,814023,Valencia,LaLiga,False,100,wikipedia;transfermarkt;sofascore
switzerland_19,Switzerland,B,Noah Okafor,,19,FW,2000-05-24,26,"6' 1""",185 lbs,Leeds United,,True,25,2,25000000,€25m,346890,865523,Leeds United,Premier League,False,100,wikipedia;transfermarkt;sofascore
switzerland_20,Switzerland,B,Michel Aebischer,,20,MF,1997-01-06,29,"6' 0""",172 lbs,Pisa,,False,40,2,4000000,€4m,237658,850891,Pisa,Serie B,False,100,wikipedia;transfermarkt;sofascore
switzerland_21,Switzerland,B,Marvin Keller,,21,GK,2002-07-03,23,"6' 2""",192 lbs,Young Boys,,False,1,0,6000000,€6m,500763,1005744,BSC Young Boys,Swiss Super League,False,100,wikipedia;transfermarkt;sofascore
switzerland_22,Switzerland,B,Fabian Rieder,,22,MF,2002-02-16,24,"5' 10""",161 lbs,FC Augsburg,Bundesliga,True,28,1,12000000,€12m,507341,929620,FC Augsburg,Bundesliga,False,100,wikipedia;transfermarkt;sofascore
switzerland_23,Switzerland,B,Zeki Amdouni,,23,FW,2000-12-04,25,"6' 1""",172 lbs,Burnley,,True,29,11,7000000,€7m,548729,990550,Burnley,Premier League,False,100,wikipedia;transfermarkt;sofascore
switzerland_24,Switzerland,B,Aurèle Amenda,,24,DF,2003-07-31,22,"6' 4""",196 lbs,Eintracht Frankfurt,Bundesliga,True,7,0,10000000,€10m,635645,999276,Eintracht Frankfurt,Bundesliga,False,100,wikipedia;transfermarkt;sofascore
switzerland_25,Switzerland,B,Luca Jaquez,,25,DF,2003-06-02,23,"6' 2""",174 lbs,VfB Stuttgart,Bundesliga,True,3,0,10000000,€10m,539798,1127823,VfB Stuttgart,Bundesliga,False,100,wikipedia;transfermarkt;sofascore
switzerland_26,Switzerland,B,Cedric Itten,,26,FW,1996-12-27,29,"6' 3""",183 lbs,Fortuna Düsseldorf,,False,15,5,1800000,€1.8m,243856,352290,Fortuna Düsseldorf,2. Bundesliga,False,100,wikipedia;transfermarkt;sofascore
tunisia_1,Tunisia,F,Mouhib Chamakh,,1,GK,2001-08-25,24,"6' 2""",185 lbs,Club Africain,,False,2,0,800000,€800k,584250,2018130,Club Africain,Tunisian Ligue Professionnelle 1,False,100,wikipedia;transfermarkt;sofascore
tunisia_2,Tunisia,F,Ali Abdi,,2,DF,1993-12-20,32,"5' 10""",172 lbs,Nice,Ligue 1,True,46,7,2000000,€2m,211474,919027,Nice,Ligue 1,False,100,wikipedia;transfermarkt;sofascore
tunisia_3,Tunisia,F,Montassar Talbi,,3,DF,1998-05-26,28,"6' 3""",174 lbs,Lorient,,True,64,4,8000000,€8m,496706,879618,Lorient,Ligue 1,False,100,wikipedia;transfermarkt;sofascore
tunisia_4,Tunisia,F,Omar Rekik,,4,DF,2001-12-20,24,"6' 2""",170 lbs,Maribor,,False,6,0,500000,€500k,578292,976251,NK Maribor,PrvaLiga,False,100,wikipedia;transfermarkt;sofascore
tunisia_5,Tunisia,F,Adem Arous,,5,DF,2004-07-17,21,"6' 2""",174 lbs,Kasımpaşa,,False,2,0,4000000,€4m,1071742,2018238,Kasımpaşa,Trendyol Süper Lig,False,100,wikipedia;transfermarkt;sofascore
tunisia_6,Tunisia,F,Dylan Bronn,,6,DF,1995-06-19,30,"6' 1""",163 lbs,Servette,,False,52,2,600000,€600k,450417,845271,Servette FC,Swiss Super League,False,100,wikipedia;transfermarkt;sofascore
tunisia_7,Tunisia,F,Elias Achouri,,7,MF,1999-02-10,27,"6' 2""",161 lbs,Copenhagen,,False,30,4,3000000,€3m,645589,945204,FC København,Danish Superliga,False,100,wikipedia;transfermarkt;sofascore
tunisia_8,Tunisia,F,Elias Saad,,8,FW,1999-12-27,26,"6' 1""",174 lbs,Hannover 96,,False,15,4,2000000,€2m,526466,1130946,Hannover 96,2. Bundesliga,False,100,wikipedia;transfermarkt;sofascore
tunisia_9,Tunisia,F,Hazem Mastouri,,9,FW,1997-06-18,28,"6' 3""",174 lbs,Dynamo Makhachkala,,False,19,4,900000,€900k,953150,1991585,Dinamo Makhachkala,"Second League, Division B, Group 1",False,100,wikipedia;transfermarkt;sofascore
tunisia_10,Tunisia,F,Hannibal Mejbri,,10,MF,2003-01-21,23,"5' 10""",161 lbs,Burnley,,True,45,1,,,,1009386,Burnley,Premier League,False,75,wikipedia;sofascore
tunisia_11,Tunisia,F,Ismaël Gharbi,,11,FW,2004-04-10,22,"5' 11""",170 lbs,FC Augsburg,Bundesliga,True,17,2,5000000,€5m,810096,1113488,FC Augsburg,Bundesliga,False,100,wikipedia;transfermarkt;sofascore
tunisia_12,Tunisia,F,Mortadha Ben Ouanes,,12,MF,1994-07-02,31,"6' 2""",161 lbs,Kasımpaşa,,False,18,0,1500000,€1.5m,230921,919225,Kasımpaşa,Trendyol Süper Lig,False,100,wikipedia;transfermarkt;sofascore
tunisia_13,Tunisia,F,Rani Khedira,,13,MF,1994-01-27,32,"6' 2""",183 lbs,Union Berlin,Bundesliga,True,3,0,2000000,€2m,124410,149479,1. FC Union Berlin,Bundesliga,False,100,wikipedia;transfermarkt;sofascore
tunisia_14,Tunisia,F,Khalil Ayari,,14,FW,2005-02-02,21,"5' 9""",152 lbs,Paris Saint-Germain,Ligue 1,True,4,0,1000000,€1m,1198342,1606568,Paris Saint-Germain U21,,False,100,wikipedia;transfermarkt;sofascore
tunisia_15,Tunisia,F,Hadj Mahmoud,Mohamed Hadj Mahmoud,15,MF,2000-04-24,26,"5' 10""",172 lbs,Lugano,,False,9,0,2000000,€2m,673513,1008597,FC Lugano,Swiss Super League,False,100,wikipedia;transfermarkt;sofascore
tunisia_16,Tunisia,F,Aymen Dahmen,,16,GK,1997-01-28,29,"6' 2""",174 lbs,CS Sfaxien,,False,37,0,800000,€800k,569433,1198374,CS Sfaxien,Tunisian Ligue Professionnelle 1,False,100,wikipedia;transfermarkt;sofascore
tunisia_17,Tunisia,F,Ellyes Skhiri(captain),Ellyes Skhiri,17,MF,1995-05-10,31,"6' 1""",161 lbs,Eintracht Frankfurt,Bundesliga,True,83,4,,,,,,,False,50,wikipedia
tunisia_18,Tunisia,F,Rayan Elloumi,,18,FW,2007-09-17,18,"5' 11""",174 lbs,Vancouver Whitecaps FC,,False,4,0,800000,€800k,1273985,1872950,Vancouver Whitecaps,MLS,False,100,wikipedia;transfermarkt;sofascore
tunisia_19,Tunisia,F,Firas Chaouat,,19,FW,1996-05-08,30,"6' 1""",152 lbs,Club Africain,,False,30,6,1200000,€1.2m,402087,919198,Club Africain,Tunisian Ligue Professionnelle 1,False,100,wikipedia;transfermarkt;sofascore
tunisia_20,Tunisia,F,Yan Valery,,20,DF,1999-02-22,27,"5' 11""",161 lbs,Young Boys,,False,22,0,1500000,€1.5m,406008,826202,BSC Young Boys,Swiss Super League,False,100,wikipedia;transfermarkt;sofascore
tunisia_21,Tunisia,F,Mohamed Amine Ben Hamida,,21,DF,1995-12-15,30,"5' 11""",152 lbs,Espérance de Tunis,,False,13,0,1000000,€1m,454495,,,,False,75,wikipedia;transfermarkt
tunisia_22,Tunisia,F,Sabri Ben Hessen,,22,GK,1996-06-13,29,"6' 2""",174 lbs,Étoile du Sahel,,False,2,0,550000,€550k,295381,359312,Etoile Sportive Du Sahel,Tunisian Ligue Professionnelle 1,False,100,wikipedia;transfermarkt;sofascore
tunisia_23,Tunisia,F,Moutaz Neffati,,23,DF,2004-09-04,21,"6' 0""",163 lbs,IFK Norrköping,,False,5,0,1200000,€1.2m,1034598,,,,False,75,wikipedia;transfermarkt
tunisia_24,Tunisia,F,Raed Chikhaoui,,24,DF,2004-06-09,22,"6' 3""",185 lbs,US Monastir,,False,0,0,600000,€600k,1075790,2018330,US Monastir,Tunisian Ligue Professionnelle 1,False,95,wikipedia;transfermarkt;sofascore
tunisia_25,Tunisia,F,Anis Ben Slimane,Anis Slimane,25,MF,2001-03-16,25,"6' 2""",190 lbs,Norwich City,,False,41,4,4000000,€4m,546712,1006147,Norwich City,Premier League,False,100,wikipedia;transfermarkt;sofascore
tunisia_26,Tunisia,F,Sebastian Tounekti,,26,FW,2002-07-13,23,"6' 0""",174 lbs,Celtic,,False,12,1,5000000,€5m,539677,957143,Celtic,Scottish Premiership,False,100,wikipedia;transfermarkt;sofascore
turkiye_1,Türkiye,D,Mert Günok,,1,GK,1989-03-01,37,"6' 5""",203 lbs,Fenerbahçe,,False,37,0,500000,€500k,51894,39573,Fenerbahçe,Trendyol Süper Lig,False,100,wikipedia;transfermarkt;sofascore
turkiye_2,Türkiye,D,Zeki Çelik,,2,DF,1997-02-17,29,"5' 11""",172 lbs,Roma,Serie A,True,61,3,14000000,€14m,251075,893008,AS Roma,Serie A,False,100,wikipedia;transfermarkt;sofascore
turkiye_3,Türkiye,D,Merih Demiral,,3,DF,1998-03-05,28,"6' 3""",190 lbs,Al-Ahli,Saudi Pro League,True,62,6,12000000,€12m,340879,806968,Al-Ahli,Saudi Pro League,False,100,wikipedia;transfermarkt;sofascore
turkiye_4,Türkiye,D,Çağlar Söyüncü,Çaglar Söyüncü,4,DF,1996-05-23,30,"6' 1""",192 lbs,Fenerbahçe,,False,60,2,3500000,€3.5m,320141,758608,Fenerbahçe,Trendyol Süper Lig,False,100,wikipedia;transfermarkt;sofascore
turkiye_5,Türkiye,D,Salih Özcan,,5,MF,1998-01-11,28,"6' 0""",179 lbs,Borussia Dortmund,Bundesliga,True,30,1,3500000,€3.5m,244940,795005,Borussia Dortmund,Bundesliga,False,100,wikipedia;transfermarkt;sofascore
turkiye_6,Türkiye,D,Orkun Kökçü,,6,MF,2000-12-29,25,"5' 9""",181 lbs,Beşiktaş,,False,50,4,25000000,€25m,454567,907461,Beşiktaş JK,Trendyol Süper Lig,False,100,wikipedia;transfermarkt;sofascore
turkiye_7,Türkiye,D,Kerem Aktürkoğlu,Kerem Aktürkoglu,7,FW,1998-10-21,27,"5' 8""",150 lbs,Fenerbahçe,,False,52,15,20000000,€20m,382528,903324,Fenerbahçe,Trendyol Süper Lig,False,100,wikipedia;transfermarkt;sofascore
turkiye_8,Türkiye,D,Arda Güler,,8,MF,2005-02-25,21,"5' 9""",148 lbs,Real Madrid,La Liga,True,29,6,90000000,€90m,861410,1091116,Real Madrid,LaLiga,False,100,wikipedia;transfermarkt;sofascore
turkiye_9,Türkiye,D,Deniz Gül,,9,FW,2004-07-02,21,"6' 3""",181 lbs,Porto,,False,8,2,5000000,€5m,1063292,1407720,FC Porto,Liga Portugal Betclic,False,100,wikipedia;transfermarkt;sofascore
turkiye_10,Türkiye,D,Hakan Çalhanoğlu(captain),Hakan Çalhanoglu,10,MF,1994-02-08,32,"5' 10""",168 lbs,Inter Milan,Serie A,True,105,22,,,,,,,False,50,wikipedia
turkiye_11,Türkiye,D,Kenan Yıldız,Kenan Yildiz,11,FW,2005-05-04,21,,,Juventus,Serie A,True,28,5,75000000,€75m,845654,1149011,Juventus,Serie A,False,100,wikipedia;transfermarkt;sofascore
turkiye_12,Türkiye,D,Altay Bayındır,Altay Bayindir,12,GK,1998-04-14,28,,,Manchester United,Premier League,True,12,0,5000000,€5m,336077,815890,Manchester United,Premier League,False,100,wikipedia;transfermarkt;sofascore
turkiye_13,Türkiye,D,Eren Elmalı,Eren Elmali,13,DF,2000-07-07,25,"5' 11""",170 lbs,Galatasaray,,False,23,0,5000000,€5m,616894,981483,Galatasaray,Trendyol Süper Lig,False,100,wikipedia;transfermarkt;sofascore
turkiye_14,Türkiye,D,Abdülkerim Bardakcı,Abdülkerim Bardakçi,14,DF,1994-09-07,31,"6' 1""",201 lbs,Galatasaray,,False,27,2,6500000,€6.5m,199316,178963,Galatasaray,Trendyol Süper Lig,False,100,wikipedia;transfermarkt;sofascore
turkiye_15,Türkiye,D,Ozan Kabak,,15,DF,2000-03-25,26,"6' 2""",190 lbs,TSG Hoffenheim,Bundesliga,True,30,2,15000000,€15m,361260,857740,TSG Hoffenheim,Bundesliga,False,100,wikipedia;transfermarkt;sofascore
turkiye_16,Türkiye,D,İsmail Yüksek,Ismail Yüksek,16,MF,1999-01-26,27,"6' 0""",163 lbs,Fenerbahçe,,False,32,1,15000000,€15m,613725,952600,Fenerbahçe,Trendyol Süper Lig,False,100,wikipedia;transfermarkt;sofascore
turkiye_17,Türkiye,D,İrfan Can Kahveci,Irfan Can Kahveci,17,MF,1995-07-15,30,"5' 11""",172 lbs,Kasımpaşa,,False,47,6,3000000,€3m,216603,226986,Kasımpaşa,Trendyol Süper Lig,False,100,wikipedia;transfermarkt;sofascore
turkiye_18,Türkiye,D,Mert Müldür,,18,DF,1999-04-03,27,"6' 0""",161 lbs,Fenerbahçe,,False,45,3,7000000,€7m,353922,836683,Fenerbahçe,Trendyol Süper Lig,False,100,wikipedia;transfermarkt;sofascore
turkiye_19,Türkiye,D,Yunus Akgün,,19,FW,2000-07-07,25,"5' 8""",159 lbs,Galatasaray,,False,19,4,18000000,€18m,396908,857738,Galatasaray,Trendyol Süper Lig,False,100,wikipedia;transfermarkt;sofascore
turkiye_20,Türkiye,D,Ferdi Kadıoğlu,Ferdi Kadioglu,20,DF,1999-10-07,26,,,Brighton & Hove Albion,Premier League,True,30,2,35000000,€35m,369316,825844,Brighton & Hove Albion,Premier League,False,100,wikipedia;transfermarkt;sofascore
turkiye_21,Türkiye,D,Barış Alper Yılmaz,Baris Alper Yilmaz,21,FW,2000-05-23,26,,,Galatasaray,,False,35,4,30000000,€30m,541537,904096,Galatasaray,Trendyol Süper Lig,False,100,wikipedia;transfermarkt;sofascore
turkiye_22,Türkiye,D,Kaan Ayhan,,22,DF,1994-11-10,31,"6' 1""",192 lbs,Galatasaray,,False,73,5,1500000,€1.5m,119031,138152,Galatasaray,Trendyol Süper Lig,False,100,wikipedia;transfermarkt;sofascore
turkiye_23,Türkiye,D,Uğurcan Çakır,Ugurcan Çakir,23,GK,1996-04-05,30,,,Galatasaray,,False,39,0,15000000,€15m,292199,754330,Galatasaray,Trendyol Süper Lig,False,100,wikipedia;transfermarkt;sofascore
turkiye_24,Türkiye,D,Oğuz Aydın,Oguz Aydin,24,FW,2000-10-27,25,,,Fenerbahçe,,False,11,0,7000000,€7m,563749,999396,Fenerbahçe,Trendyol Süper Lig,False,100,wikipedia;transfermarkt;sofascore
turkiye_25,Türkiye,D,Samet Akaydin,,25,DF,1994-03-13,32,"6' 3""",183 lbs,Çaykur Rizespor,,False,19,1,1200000,€1.2m,295024,,,,False,75,wikipedia;transfermarkt
turkiye_26,Türkiye,D,Can Uzun,,26,FW,2005-11-11,20,"6' 1""",183 lbs,Eintracht Frankfurt,Bundesliga,True,6,1,45000000,€45m,816585,1440948,Eintracht Frankfurt,Bundesliga,False,100,wikipedia;transfermarkt;sofascore
united-states_1,United States,D,Matt Turner,,1,GK,1994-06-24,31,"6' 3""",183 lbs,New England Revolution,,False,54,0,2500000,€2.5m,425306,833943,New England Revolution,MLS,False,100,wikipedia;transfermarkt;sofascore
united-states_2,United States,D,Sergiño Dest,,2,DF,2000-11-03,25,"5' 8""",137 lbs,PSV Eindhoven,,False,39,3,18000000,€18m,361104,906021,PSV Eindhoven,VriendenLoterij Eredivisie,False,100,wikipedia;transfermarkt;sofascore
united-states_3,United States,D,Chris Richards,,3,DF,2000-03-28,26,"6' 2""",192 lbs,Crystal Palace,Premier League,True,36,3,28000000,€28m,578539,931844,Crystal Palace,Premier League,False,100,wikipedia;transfermarkt;sofascore
united-states_4,United States,D,Tyler Adams,,4,MF,1999-02-14,27,"5' 9""",159 lbs,Bournemouth,Premier League,True,54,2,25000000,€25m,332705,800419,Bournemouth,Championship,False,100,wikipedia;transfermarkt;sofascore
united-states_5,United States,D,Antonee Robinson,,5,DF,1997-08-08,28,"6' 0""",161 lbs,Fulham,Premier League,True,54,5,22000000,€22m,349701,803174,Fulham,Championship,False,100,wikipedia;transfermarkt;sofascore
united-states_6,United States,D,Auston Trusty,,6,DF,1998-08-12,27,"6' 3""",172 lbs,Celtic,,False,8,0,6000000,€6m,389253,822459,Celtic,Scottish Premiership,False,100,wikipedia;transfermarkt;sofascore
united-states_7,United States,D,Giovanni Reyna,,7,MF,2002-11-13,23,"6' 1""",172 lbs,Borussia Mönchengladbach,Bundesliga,True,38,9,4000000,€4m,504215,989056,Borussia M'gladbach,Bundesliga,False,100,wikipedia;transfermarkt;sofascore
united-states_8,United States,D,Weston McKennie,,8,MF,1998-08-28,27,"6' 1""",185 lbs,Juventus,Serie A,True,66,12,30000000,€30m,332697,881931,Juventus,Serie A,False,100,wikipedia;transfermarkt;sofascore
united-states_9,United States,D,Ricardo Pepi,,9,FW,2003-01-09,23,"6' 1""",161 lbs,PSV Eindhoven,,False,37,13,30000000,€30m,627207,986395,PSV Eindhoven,VriendenLoterij Eredivisie,False,100,wikipedia;transfermarkt;sofascore
united-states_10,United States,D,Christian Pulisic,,10,MF,1998-09-18,27,"5' 10""",161 lbs,Milan,Serie A,True,86,33,40000000,€40m,315779,817957,AC Milan,Serie A,False,100,wikipedia;transfermarkt;sofascore
united-states_11,United States,D,Brenden Aaronson,,11,MF,2000-10-22,25,"5' 10""",150 lbs,Leeds United,,True,58,9,22000000,€22m,393323,973431,Leeds United,Premier League,False,100,wikipedia;transfermarkt;sofascore
united-states_12,United States,D,Miles Robinson,,12,DF,1997-03-14,29,"6' 2""",183 lbs,FC Cincinnati,,False,40,3,3500000,€3.5m,468022,868843,FC Cincinnati,MLS,False,100,wikipedia;transfermarkt;sofascore
united-states_13,United States,D,Tim Ream(captain),Tim Ream,13,DF,1987-10-05,38,"6' 1""",174 lbs,Charlotte FC,,False,82,1,,,,,,,False,50,wikipedia
united-states_14,United States,D,Sebastian Berhalter,,14,MF,2001-05-10,25,"5' 9""",152 lbs,Vancouver Whitecaps FC,,False,13,1,8000000,€8m,734761,1014845,Vancouver Whitecaps,MLS,False,100,wikipedia;transfermarkt;sofascore
united-states_15,United States,D,Cristian Roldan,,15,MF,1995-06-03,31,"5' 8""",163 lbs,Seattle Sounders FC,,False,47,0,3500000,€3.5m,354792,790171,Seattle Sounders FC,MLS,False,100,wikipedia;transfermarkt;sofascore
united-states_16,United States,D,Alex Freeman,,16,DF,2004-08-09,21,"6' 2""",174 lbs,Villarreal,La Liga,True,17,2,3500000,€3.5m,985806,1184541,Villarreal,LaLiga,False,100,wikipedia;transfermarkt;sofascore
united-states_17,United States,D,Malik Tillman,,17,MF,2002-05-28,24,"6' 2""",190 lbs,Bayer Leverkusen,Bundesliga,True,30,3,30000000,€30m,467437,975798,Bayer 04 Leverkusen,Bundesliga,False,100,wikipedia;transfermarkt;sofascore
united-states_18,United States,D,Max Arfsten,,18,MF,2001-04-19,25,"6' 1""",172 lbs,Columbus Crew,,False,20,1,5000000,€5m,993063,1471659,Columbus Crew,MLS,False,100,wikipedia;transfermarkt;sofascore
united-states_19,United States,D,Haji Wright,,19,FW,1998-03-27,28,"6' 3""",174 lbs,Coventry City,,False,20,7,16000000,€16m,315291,818391,Coventry City,Championship,False,100,wikipedia;transfermarkt;sofascore
united-states_20,United States,D,Folarin Balogun,,20,FW,2001-07-03,24,"5' 10""",146 lbs,Monaco,Ligue 1,True,27,9,40000000,€40m,503770,934237,AS Monaco,Ligue 1,False,100,wikipedia;transfermarkt;sofascore
united-states_21,United States,D,Timothy Weah,,21,FW,2000-02-22,26,"6' 0""",146 lbs,Marseille,Ligue 1,True,51,7,20000000,€20m,370846,855810,Olympique de Marseille,Ligue 1,False,100,wikipedia;transfermarkt;sofascore
united-states_22,United States,D,Mark McKenzie,,22,DF,1999-02-25,27,"6' 0""",183 lbs,Toulouse,Ligue 1,True,29,0,7000000,€7m,429259,922759,Toulouse,Ligue 2,False,100,wikipedia;transfermarkt;sofascore
united-states_23,United States,D,Joe Scally,,23,DF,2002-12-31,23,"6' 0""",174 lbs,Borussia Mönchengladbach,Bundesliga,True,26,0,7000000,€7m,504153,1002920,Borussia M'gladbach,Bundesliga,False,100,wikipedia;transfermarkt;sofascore
united-states_24,United States,D,Matt Freese,,24,GK,1998-09-02,27,"6' 3""",192 lbs,New York City FC,,False,15,0,2000000,€2m,500309,973436,New York City FC,MLS,False,100,wikipedia;transfermarkt;sofascore
united-states_25,United States,D,Chris Brady,,25,GK,2004-03-03,22,"6' 3""",170 lbs,Chicago Fire FC,,False,1,0,2500000,€2.5m,765504,1024293,Chicago Fire,MLS,False,100,wikipedia;transfermarkt;sofascore
united-states_26,United States,D,Alejandro Zendejas,,26,FW,1998-02-07,28,"5' 6""",146 lbs,América,,False,14,2,10000000,€10m,351505,790108,Club América,"Liga MX, Clausura",False,100,wikipedia;transfermarkt;sofascore
uruguay_1,Uruguay,H,Sergio Rochet,,1,GK,1993-03-23,33,"6' 2""",181 lbs,Internacional,,False,35,0,1800000,€1.8m,264014,581060,Internacional,Brasileirão Betano,False,100,wikipedia;transfermarkt;sofascore
uruguay_2,Uruguay,H,José Giménez(captain),José María Giménez,2,DF,1995-01-20,31,"6' 1""",172 lbs,Atlético Madrid,La Liga,True,99,8,,,,,,,False,50,wikipedia
uruguay_3,Uruguay,H,Sebastián Cáceres,,3,DF,1999-08-18,26,"5' 11""",170 lbs,América,,False,24,0,4500000,€4.5m,532389,924889,Club América,"Liga MX, Clausura",False,100,wikipedia;transfermarkt;sofascore
uruguay_4,Uruguay,H,Ronald Araújo,,4,DF,1999-03-07,27,,,Barcelona,La Liga,True,27,1,20000000,€20m,480267,925097,FC Barcelona,LaLiga,False,100,wikipedia;transfermarkt;sofascore
uruguay_5,Uruguay,H,Manuel Ugarte,,5,MF,2001-04-11,25,"6' 0""",170 lbs,Manchester United,Premier League,True,36,1,25000000,€25m,476701,846425,Manchester United,Premier League,False,100,wikipedia;transfermarkt;sofascore
uruguay_6,Uruguay,H,Rodrigo Bentancur,,6,MF,1997-06-25,28,"6' 2""",159 lbs,Tottenham Hotspur,Premier League,True,74,3,20000000,€20m,354362,791190,Tottenham Hotspur,Premier League,False,100,wikipedia;transfermarkt;sofascore
uruguay_7,Uruguay,H,Nicolás de la Cruz,,7,MF,1997-06-01,29,"5' 6""",141 lbs,Flamengo,,False,34,5,8000000,€8m,397458,877513,Flamengo,Brasileirão Betano,False,100,wikipedia;transfermarkt;sofascore
uruguay_8,Uruguay,H,Federico Valverde,,8,MF,1998-07-22,27,"6' 0""",172 lbs,Real Madrid,La Liga,True,73,9,90000000,€90m,369081,831808,Real Madrid,LaLiga,False,100,wikipedia;transfermarkt;sofascore
uruguay_9,Uruguay,H,Darwin Núñez,,9,FW,1999-06-24,26,"6' 2""",179 lbs,Al-Hilal,Saudi Pro League,True,38,13,20000000,€20m,546543,924871,Al-Hilal,Saudi Pro League,False,100,wikipedia;transfermarkt;sofascore
uruguay_10,Uruguay,H,Giorgian de Arrascaeta,,10,MF,1994-06-01,32,"5' 8""",161 lbs,Flamengo,,False,60,13,14000000,€14m,248410,333587,Flamengo,Brasileirão Betano,False,100,wikipedia;transfermarkt;sofascore
uruguay_11,Uruguay,H,Facundo Pellistri,,11,FW,2001-12-20,24,"5' 9""",150 lbs,Panathinaikos,,False,39,2,5000000,€5m,676318,989803,Panathinaikos FC,Greek Football Cup,False,100,wikipedia;transfermarkt;sofascore
uruguay_12,Uruguay,H,Santiago Mele,,12,GK,1997-09-06,28,"6' 0""",172 lbs,Monterrey,,False,8,0,2000000,€2m,320739,846421,CF Monterrey,"Liga MX, Clausura",False,100,wikipedia;transfermarkt;sofascore
uruguay_13,Uruguay,H,Guillermo Varela,,13,DF,1993-03-24,33,"5' 8""",161 lbs,Flamengo,,False,28,0,1000000,€1m,188862,311456,Flamengo,Brasileirão Betano,False,100,wikipedia;transfermarkt;sofascore
uruguay_14,Uruguay,H,Agustín Canobbio,,14,MF,1998-10-01,27,"5' 9""",163 lbs,Fluminense,,False,15,1,8000000,€8m,457533,846413,Fluminense,Brasileirão Betano,False,100,wikipedia;transfermarkt;sofascore
uruguay_15,Uruguay,H,Emiliano Martínez,,15,MF,1999-08-17,26,"6' 1""",174 lbs,Palmeiras,,False,10,0,6500000,€6.5m,707447,973533,Palmeiras,Brasileirão Betano,False,100,wikipedia;transfermarkt;sofascore
uruguay_16,Uruguay,H,Mathías Olivera,,16,DF,1997-10-31,28,"6' 1""",172 lbs,Napoli,Serie A,True,35,2,15000000,€15m,376514,805078,SSC Napoli,Serie A,False,100,wikipedia;transfermarkt;sofascore
uruguay_17,Uruguay,H,Matías Viña,,17,DF,1997-11-09,28,"5' 9""",152 lbs,River Plate,,False,43,1,3500000,€3.5m,439072,875295,River Plate,Liga Profesional de Fútbol,False,100,wikipedia;transfermarkt;sofascore
uruguay_18,Uruguay,H,Brian Rodríguez,,18,FW,2000-05-20,26,"5' 9""",150 lbs,América,,False,32,4,8000000,€8m,465818,932233,Club América,"Liga MX, Clausura",False,100,wikipedia;transfermarkt;sofascore
uruguay_19,Uruguay,H,Rodrigo Aguirre,,19,FW,1994-10-01,31,"6' 0""",174 lbs,UANL,,False,10,3,2300000,€2.3m,189410,155974,Tigres UANL,"Liga MX, Clausura",False,100,wikipedia;transfermarkt;sofascore
uruguay_20,Uruguay,H,Maximiliano Araújo,Maxi Araújo,20,MF,2000-02-15,26,,,Sporting CP,,False,28,3,,,,929193,Sporting CP,Liga Portugal Betclic,False,75,wikipedia;sofascore
uruguay_21,Uruguay,H,Federico Viñas,,21,FW,1998-06-30,27,"5' 11""",179 lbs,Oviedo,,False,11,2,4000000,€4m,578419,976104,Real Oviedo,LaLiga 2,False,100,wikipedia;transfermarkt;sofascore
uruguay_22,Uruguay,H,Joaquín Piquerez,,22,MF,1998-08-24,27,"6' 0""",179 lbs,Palmeiras,,False,19,0,12000000,€12m,496268,881110,Palmeiras,Brasileirão Betano,False,100,wikipedia;transfermarkt;sofascore
uruguay_23,Uruguay,H,Fernando Muslera,,23,GK,1986-06-16,39,"6' 3""",183 lbs,Estudiantes,,False,134,0,700000,€700k,58088,28381,Estudiantes de La Plata,Liga Profesional de Fútbol,False,100,wikipedia;transfermarkt;sofascore
uruguay_24,Uruguay,H,Santiago Bueno,,24,DF,1998-11-09,27,"6' 3""",168 lbs,Wolverhampton Wanderers,Premier League,True,8,0,10000000,€10m,438001,846308,Wolverhampton,Premier League,False,100,wikipedia;transfermarkt;sofascore
uruguay_25,Uruguay,H,Juan Manuel Sanabria,,25,MF,2000-03-29,26,"5' 8""",130 lbs,Real Salt Lake,,False,5,1,4000000,€4m,446106,874568,Real Salt Lake,MLS,False,100,wikipedia;transfermarkt;sofascore
uruguay_26,Uruguay,H,Rodrigo Zalazar,,26,MF,1999-08-12,26,"5' 10""",152 lbs,Braga,,False,8,2,30000000,€30m,606752,966575,Sporting Braga,Liga Portugal Betclic,False,100,wikipedia;transfermarkt;sofascore
uzbekistan_1,Uzbekistan,K,Utkir Yusupov,,1,GK,1991-01-04,35,"6' 1""",168 lbs,Navbahor,,False,39,0,500000,€500k,311958,791592,Navbahor Namangan,Uzbekistan Super League,False,100,wikipedia;transfermarkt;sofascore
uzbekistan_2,Uzbekistan,K,Abdukodir Khusanov,,2,DF,2004-02-29,22,"6' 1""",183 lbs,Manchester City,Premier League,True,26,0,50000000,€50m,763079,1194333,Manchester City,Premier League,False,100,wikipedia;transfermarkt;sofascore
uzbekistan_3,Uzbekistan,K,Khojiakbar Alijonov,,3,DF,1997-04-19,29,"5' 11""",141 lbs,Pakhtakor,,False,40,2,,,,,,,False,50,wikipedia
uzbekistan_4,Uzbekistan,K,Farrukh Sayfiev,,4,DF,1991-01-17,35,"6' 0""",152 lbs,Neftchi Fergana,,False,45,1,225000,€225k,212499,792386,Neftchi Fergana,Uzbekistan Super League,False,100,wikipedia;transfermarkt;sofascore
uzbekistan_5,Uzbekistan,K,Rustam Ashurmatov,,5,DF,1996-07-07,29,"6' 1""",172 lbs,Esteghlal,,False,48,1,750000,€750k,288883,358822,Esteghlal FC,Persian Gulf Pro League,False,100,wikipedia;transfermarkt;sofascore
uzbekistan_6,Uzbekistan,K,Akmal Mozgovoy,,6,MF,1999-04-02,27,"5' 11""",152 lbs,Pakhtakor,,False,24,1,1400000,€1.4m,562022,926479,Pakhtakor Tashkent,Uzbekistan Super League,False,100,wikipedia;transfermarkt;sofascore
uzbekistan_7,Uzbekistan,K,Otabek Shukurov,,7,MF,1996-06-22,29,"6' 0""",163 lbs,Baniyas,,False,83,9,1500000,€1.5m,294525,358890,Baniyas,UAE Pro League,False,100,wikipedia;transfermarkt;sofascore
uzbekistan_8,Uzbekistan,K,Jamshid Iskanderov,,8,MF,1993-10-16,32,"5' 7""",128 lbs,Neftchi Fergana,,False,37,4,1000000,€1m,260857,,,,False,75,wikipedia;transfermarkt
uzbekistan_9,Uzbekistan,K,Odiljon Hamrobekov,Odiljon Xamrobekov,9,MF,1996-02-13,30,"5' 11""",150 lbs,Tractor,,False,72,1,1000000,€1m,288915,823992,Tractor FC,Persian Gulf Pro League,False,100,wikipedia;transfermarkt;sofascore
uzbekistan_10,Uzbekistan,K,Jaloliddin Masharipov,,10,MF,1993-09-01,32,"5' 8""",139 lbs,Esteghlal,,False,74,12,1000000,€1m,274536,333611,Esteghlal FC,Persian Gulf Pro League,False,100,wikipedia;transfermarkt;sofascore
uzbekistan_11,Uzbekistan,K,Oston Urunov,,11,MF,2000-12-19,25,"5' 11""",168 lbs,Persepolis,,False,41,10,2000000,€2m,492556,985882,Persepolis FC,Persian Gulf Pro League,False,100,wikipedia;transfermarkt;sofascore
uzbekistan_12,Uzbekistan,K,Abduvohid Nematov,,12,GK,2001-03-20,25,"6' 0""",170 lbs,Nasaf,,False,8,0,1500000,€1.5m,527866,1000465,Nasaf Qarshi,Uzbekistan Super League,False,100,wikipedia;transfermarkt;sofascore
uzbekistan_13,Uzbekistan,K,Sherzod Nasrullaev,,13,DF,1998-07-23,27,"6' 0""",159 lbs,Pakhtakor,,False,30,2,1200000,€1.2m,608537,1014276,Pakhtakor Tashkent,Uzbekistan Super League,False,100,wikipedia;transfermarkt;sofascore
uzbekistan_14,Uzbekistan,K,Eldor Shomurodov(captain),Eldor Shomurodov,14,FW,1995-06-29,30,"6' 3""",172 lbs,İstanbul Başakşehir,,False,91,44,,,,,,,False,50,wikipedia
uzbekistan_15,Uzbekistan,K,Umar Eshmurodov,,15,DF,1992-11-30,33,"6' 1""",159 lbs,Nasaf,,False,29,0,450000,€450k,493725,,,,False,75,wikipedia;transfermarkt
uzbekistan_16,Uzbekistan,K,Botirali Ergashev,,16,GK,1995-06-23,30,"6' 2""",194 lbs,Neftchi Fergana,,False,2,0,500000,€500k,312690,796361,Neftchi Fergana,Uzbekistan Super League,False,100,wikipedia;transfermarkt;sofascore
uzbekistan_17,Uzbekistan,K,Dostonbek Khamdamov,,17,MF,1996-07-24,29,"5' 10""",139 lbs,Pakhtakor,,False,33,5,900000,€900k,294502,358880,Pakhtakor Tashkent,Uzbekistan Super League,False,100,wikipedia;transfermarkt;sofascore
uzbekistan_18,Uzbekistan,K,Abdulla Abdullaev,,18,DF,1997-09-01,28,"5' 11""",159 lbs,Dibba,,False,17,0,500000,€500k,570272,954524,Dibba Al-Fujairah,UAE 1st Division,False,100,wikipedia;transfermarkt;sofascore
uzbekistan_19,Uzbekistan,K,Azizjon Ganiev,,19,MF,1998-02-22,28,"5' 11""",139 lbs,Al Bataeh,,False,19,0,2000000,€2m,431911,793857,Al Bataeh,UAE 1st Division,False,100,wikipedia;transfermarkt;sofascore
uzbekistan_20,Uzbekistan,K,Azizbek Amonov,,20,FW,1997-10-30,28,"5' 11""",159 lbs,Dinamo Samarqand,,False,12,2,,,,,,,False,50,wikipedia
uzbekistan_21,Uzbekistan,K,Igor Sergeev,,21,FW,1993-04-30,33,"6' 1""",168 lbs,Persepolis,,False,82,24,1200000,€1.2m,185372,333625,Persepolis FC,Persian Gulf Pro League,False,100,wikipedia;transfermarkt;sofascore
uzbekistan_22,Uzbekistan,K,Abbosbek Fayzullaev,,22,MF,2003-10-03,22,"5' 6""",119 lbs,İstanbul Başakşehir,,False,31,8,7000000,€7m,754037,1118429,Başakşehir FK,Trendyol Süper Lig,False,100,wikipedia;transfermarkt;sofascore
uzbekistan_23,Uzbekistan,K,Sherzod Esanov,,23,MF,2003-02-01,23,"6' 3""",163 lbs,Bukhara,,False,1,0,450000,€450k,989068,1403410,FC Buxoro,Uzbekistan Super League,False,100,wikipedia;transfermarkt;sofascore
uzbekistan_24,Uzbekistan,K,Bekhruz Karimov,Behruzjon Karimov,24,DF,2007-08-07,18,"5' 11""",159 lbs,Surkhon Termiz,,False,2,0,350000,€350k,1106187,1597255,Surkhon Termez,Uzbekistan Super League,False,100,wikipedia;transfermarkt;sofascore
uzbekistan_25,Uzbekistan,K,Avazbek Ulmasaliev,Avazbek Ulmasaliyev,25,DF,2000-03-27,26,"6' 2""",159 lbs,AGMK,,False,0,0,500000,€500k,538764,,,,False,70,wikipedia;transfermarkt
uzbekistan_26,Uzbekistan,K,Jakhongir Urozov,,26,DF,2004-01-18,22,"6' 3""",174 lbs,Dinamo Samarqand,,False,3,0,600000,€600k,989069,1403414,Dinamo Samarqand,League Cup,False,100,wikipedia;transfermarkt;sofascore
